id,neo_reference_id,name,nasa_jpl_url,absolute_magnitude_h,is_potentially_hazardous_asteroid,close_approach_data,is_sentry_object,links.self,estimated_diameter.kilometers.estimated_diameter_min,estimated_diameter.kilometers.estimated_diameter_max,estimated_diameter.meters.estimated_diameter_min,estimated_diameter.meters.estimated_diameter_max,estimated_diameter.miles.estimated_diameter_min,estimated_diameter.miles.estimated_diameter_max,estimated_diameter.feet.estimated_diameter_min,estimated_diameter.feet.estimated_diameter_max,sentry_data,observation_date
2436030,2436030,436030 (2009 JO2),https://ssd.jpl.nasa.gov/tools/sbdb_lookup.html#/?sstr=2436030,19.44,False,"[{'close_approach_date': '2025-04-20', 'close_approach_date_full': '2025-Apr-20 19:41', 'epoch_date_close_approach': 1745178060000, 'relative_velocity': {'kilometers_per_second': '16.3013016299', 'kilometers_per_hour': '58684.6858677559', 'miles_per_hour': '36464.3816159953'}, 'miss_distance': {'astronomical': '0.0567554365', 'lunar': '22.0778647985', 'kilometers': '8490492.411320255', 'miles': '5275747.344739319'}, 'orbiting_body': 'Earth'}]",False,http://api.nasa.gov/neo/rest/v1/neo/2436030?api_key=tfH3CNL9UeronJAAlsHsIJkwl8euQb7DJIMPPaCv,0.3439972547,0.7692012455,343.9972546574,769.2012454873,0.2137499181,0.4779593471,1128.5999529702,2523.6262142444,,2025-04-20
3137735,3137735,(2002 TX59),https://ssd.jpl.nasa.gov/tools/sbdb_lookup.html#/?sstr=3137735,23.9,False,"[{'close_approach_date': '2025-04-20', 'close_approach_date_full': '2025-Apr-20 06:23', 'epoch_date_close_approach': 1745130180000, 'relative_velocity': {'kilometers_per_second': '7.5048307469', 'kilometers_per_hour': '27017.3906888221', 'miles_per_hour': '16787.5558977295'}, 'miss_distance': {'astronomical': '0.289612559', 'lunar': '112.659285451', 'kilometers': '43325421.95164933', 'miles': '26921168.849567554'}, 'orbiting_body': 'Earth'}]",False,http://api.nasa.gov/neo/rest/v1/neo/3137735?api_key=tfH3CNL9UeronJAAlsHsIJkwl8euQb7DJIMPPaCv,0.04411182,0.0986370281,44.1118199997,98.6370281305,0.0274098057,0.0612901888,144.7238235278,323.6123073718,,2025-04-20
3153509,3153509,(2003 HM),https://ssd.jpl.nasa.gov/tools/sbdb_lookup.html#/?sstr=3153509,22.04,True,"[{'close_approach_date': '2025-04-20', 'close_approach_date_full': '2025-Apr-20 03:34', 'epoch_date_close_approach': 1745120040000, 'relative_velocity': {'kilometers_per_second': '14.1412733412', 'kilometers_per_hour': '50908.5840284471', 'miles_per_hour': '31632.6143370092'}, 'miss_distance': {'astronomical': '0.0751065517', 'lunar': '29.2164486113', 'kilometers': '11235780.157364879', 'miles': '6981590.0491541702'}, 'orbiting_body': 'Earth'}]",False,http://api.nasa.gov/neo/rest/v1/neo/3153509?api_key=tfH3CNL9UeronJAAlsHsIJkwl8euQb7DJIMPPaCv,0.1038855101,0.2322950625,103.8855101016,232.2950624645,0.0645514433,0.1443414153,340.8317369618,762.1229327359,,2025-04-20
3654379,3654379,(2013 XV8),https://ssd.jpl.nasa.gov/tools/sbdb_lookup.html#/?sstr=3654379,21.89,False,"[{'close_approach_date': '2025-04-20', 'close_approach_date_full': '2025-Apr-20 05:33', 'epoch_date_close_approach': 1745127180000, 'relative_velocity': {'kilometers_per_second': '3.8373683898', 'kilometers_per_hour': '13814.5262034495', 'miles_per_hour': '8583.8093512489'}, 'miss_distance': {'astronomical': '0.341283756', 'lunar': '132.759381084', 'kilometers': '51055322.96319972', 'miles': '31724306.613687336'}, 'orbiting_body': 'Earth'}]",False,http://api.nasa.gov/neo/rest/v1/neo/3654379?api_key=tfH3CNL9UeronJAAlsHsIJkwl8euQb7DJIMPPaCv,0.1113153296,0.2489086439,111.3153296083,248.908643942,0.0691681177,0.154664613,365.2077859922,816.6294353908,,2025-04-20
3830886,3830886,(2018 SN2),https://ssd.jpl.nasa.gov/tools/sbdb_lookup.html#/?sstr=3830886,24.4,False,"[{'close_approach_date': '2025-04-20', 'close_approach_date_full': '2025-Apr-20 15:52', 'epoch_date_close_approach': 1745164320000, 'relative_velocity': {'kilometers_per_second': '12.8278159542', 'kilometers_per_hour': '46180.1374349591', 'miles_per_hour': '28694.54150785'}, 'miss_distance': {'astronomical': '0.3475549495', 'lunar': '135.1988753555', 'kilometers': '51993480.153157565', 'miles': '32307250.460061797'}, 'orbiting_body': 'Earth'}]",False,http://api.nasa.gov/neo/rest/v1/neo/3830886?api_key=tfH3CNL9UeronJAAlsHsIJkwl8euQb7DJIMPPaCv,0.0350392641,0.0783501764,35.0392641108,78.3501764334,0.0217723826,0.0486845275,114.9582192654,257.0543928497,,2025-04-20
3841545,3841545,(2019 HS2),https://ssd.jpl.nasa.gov/tools/sbdb_lookup.html#/?sstr=3841545,26.6,False,"[{'close_approach_date': '2025-04-20', 'close_approach_date_full': '2025-Apr-20 06:46', 'epoch_date_close_approach': 1745131560000, 'relative_velocity': {'kilometers_per_second': '17.2222535429', 'kilometers_per_hour': '62000.1127542996', 'miles_per_hour': '38524.4589500258'}, 'miss_distance': {'astronomical': '0.2423507083', 'lunar': '94.2744255287', 'kilometers': '36255149.754671321', 'miles': '22527905.4246973898'}, 'orbiting_body': 'Earth'}]",False,http://api.nasa.gov/neo/rest/v1/neo/3841545?api_key=tfH3CNL9UeronJAAlsHsIJkwl8euQb7DJIMPPaCv,0.0127219879,0.0284472297,12.7219878539,28.4472296503,0.0079050743,0.0176762835,41.7388066307,93.330808926,,2025-04-20
54100193,54100193,(2020 XD5),https://ssd.jpl.nasa.gov/tools/sbdb_lookup.html#/?sstr=54100193,19.81,True,"[{'close_approach_date': '2025-04-20', 'close_approach_date_full': '2025-Apr-20 00:38', 'epoch_date_close_approach': 1745109480000, 'relative_velocity': {'kilometers_per_second': '13.5920231358', 'kilometers_per_hour': '48931.2832888249', 'miles_per_hour': '30403.9965524368'}, 'miss_distance': {'astronomical': '0.292159766', 'lunar': '113.650148974', 'kilometers': '43706478.69329842', 'miles': '27157946.529301396'}, 'orbiting_body': 'Earth'}]",False,http://api.nasa.gov/neo/rest/v1/neo/54100193?api_key=tfH3CNL9UeronJAAlsHsIJkwl8euQb7DJIMPPaCv,0.2901048414,0.648694146,290.1048414281,648.694146035,0.1802627354,0.4030797302,951.7875679509,2128.2617020774,,2025-04-20
54102026,54102026,(2020 YW3),https://ssd.jpl.nasa.gov/tools/sbdb_lookup.html#/?sstr=54102026,25.73,False,"[{'close_approach_date': '2025-04-20', 'close_approach_date_full': '2025-Apr-20 04:48', 'epoch_date_close_approach': 1745124480000, 'relative_velocity': {'kilometers_per_second': '11.32472094', 'kilometers_per_hour': '40768.9953841076', 'miles_per_hour': '25332.2682707529'}, 'miss_distance': {'astronomical': '0.0847782338', 'lunar': '32.9787329482', 'kilometers': '12682643.198842006', 'miles': '7880629.0541354428'}, 'orbiting_body': 'Earth'}]",False,http://api.nasa.gov/neo/rest/v1/neo/54102026?api_key=tfH3CNL9UeronJAAlsHsIJkwl8euQb7DJIMPPaCv,0.0189913123,0.0424658654,18.9913123471,42.46586539,0.0118006507,0.0263870572,62.3074572008,139.3237098062,,2025-04-20
54104267,54104267,(2021 AR),https://ssd.jpl.nasa.gov/tools/sbdb_lookup.html#/?sstr=54104267,23.95,False,"[{'close_approach_date': '2025-04-20', 'close_approach_date_full': '2025-Apr-20 22:22', 'epoch_date_close_approach': 1745187720000, 'relative_velocity': {'kilometers_per_second': '20.4303680653', 'kilometers_per_hour': '73549.3250349169', 'miles_per_hour': '45700.6903251682'}, 'miss_distance': {'astronomical': '0.3640811459', 'lunar': '141.6275657551', 'kilometers': '54465763.933799233', 'miles': '33843456.3665380954'}, 'orbiting_body': 'Earth'}]",False,http://api.nasa.gov/neo/rest/v1/neo/54104267?api_key=tfH3CNL9UeronJAAlsHsIJkwl8euQb7DJIMPPaCv,0.0431077124,0.0963917753,43.1077123878,96.3917752536,0.0267858824,0.0598950538,141.4295071104,316.2459919231,,2025-04-20
54248953,54248953,(2022 ET),https://ssd.jpl.nasa.gov/tools/sbdb_lookup.html#/?sstr=54248953,30.22,False,"[{'close_approach_date': '2025-04-20', 'close_approach_date_full': '2025-Apr-20 00:27', 'epoch_date_close_approach': 1745108820000, 'relative_velocity': {'kilometers_per_second': '18.0657247097', 'kilometers_per_hour': '65036.6089548955', 'miles_per_hour': '40411.2196031127'}, 'miss_distance': {'astronomical': '0.3462856961', 'lunar': '134.7051357829', 'kilometers': '51803602.548027307', 'miles': '32189265.9872465566'}, 'orbiting_body': 'Earth'}]",True,http://api.nasa.gov/neo/rest/v1/neo/54248953?api_key=tfH3CNL9UeronJAAlsHsIJkwl8euQb7DJIMPPaCv,0.0024019003,0.0053708123,2.4019003012,5.3708123486,0.0014924712,0.003337267,7.880250584,17.6207759856,http://api.nasa.gov/neo/rest/v1/neo/sentry/54248953?api_key=tfH3CNL9UeronJAAlsHsIJkwl8euQb7DJIMPPaCv,2025-04-20
54524978,54524978,(2025 FV11),https://ssd.jpl.nasa.gov/tools/sbdb_lookup.html#/?sstr=54524978,23.77,False,"[{'close_approach_date': '2025-04-20', 'close_approach_date_full': '2025-Apr-20 00:55', 'epoch_date_close_approach': 1745110500000, 'relative_velocity': {'kilometers_per_second': '7.3009903594', 'kilometers_per_hour': '26283.5652936946', 'miles_per_hour': '16331.5853348515'}, 'miss_distance': {'astronomical': '0.07723569', 'lunar': '30.04468341', 'kilometers': '11554294.7119803', 'miles': '7179505.81591614'}, 'orbiting_body': 'Earth'}]",False,http://api.nasa.gov/neo/rest/v1/neo/54524978?api_key=tfH3CNL9UeronJAAlsHsIJkwl8euQb7DJIMPPaCv,0.0468333233,0.1047224945,46.8333233136,104.7224945415,0.0291008689,0.0650715212,153.6526404603,343.5777489915,,2025-04-20
54524983,54524983,(2025 FK12),https://ssd.jpl.nasa.gov/tools/sbdb_lookup.html#/?sstr=54524983,26.09,False,"[{'close_approach_date': '2025-04-20', 'close_approach_date_full': '2025-Apr-20 13:36', 'epoch_date_close_approach': 1745156160000, 'relative_velocity': {'kilometers_per_second': '7.3412122255', 'kilometers_per_hour': '26428.3640117044', 'miles_per_hour': '16421.5576271615'}, 'miss_distance': {'astronomical': '0.0242964422', 'lunar': '9.4513160158', 'kilometers': '3634696.001698114', 'miles': '2258495.3676334132'}, 'orbiting_body': 'Earth'}]",False,http://api.nasa.gov/neo/rest/v1/neo/54524983?api_key=tfH3CNL9UeronJAAlsHsIJkwl8euQb7DJIMPPaCv,0.0160899605,0.0359782453,16.089960451,35.9782453236,0.0099978348,0.0223558383,52.7885858459,118.0388663876,,2025-04-20
2009058,2009058,9058 (1992 JB),https://ssd.jpl.nasa.gov/tools/sbdb_lookup.html#/?sstr=2009058,17.8,False,"[{'close_approach_date': '2025-04-21', 'close_approach_date_full': '2025-Apr-21 22:37', 'epoch_date_close_approach': 1745275020000, 'relative_velocity': {'kilometers_per_second': '11.6691811455', 'kilometers_per_hour': '42009.0521236553', 'miles_per_hour': '26102.791304279'}, 'miss_distance': {'astronomical': '0.1022127158', 'lunar': '39.7607464462', 'kilometers': '15290804.570595346', 'miles': '9501265.3806379348'}, 'orbiting_body': 'Earth'}]",False,http://api.nasa.gov/neo/rest/v1/neo/2009058?api_key=tfH3CNL9UeronJAAlsHsIJkwl8euQb7DJIMPPaCv,0.7320739893,1.6369672047,732.0739893473,1636.96720474,0.4548895468,1.017163949,2401.8176272101,5370.6274839991,,2025-04-21
2368184,2368184,368184 (2000 RN77),https://ssd.jpl.nasa.gov/tools/sbdb_lookup.html#/?sstr=2368184,19.46,False,"[{'close_approach_date': '2025-04-21', 'close_approach_date_full': '2025-Apr-21 20:19', 'epoch_date_close_approach': 1745266740000, 'relative_velocity': {'kilometers_per_second': '10.5985308564', 'kilometers_per_hour': '38154.7110832139', 'miles_per_hour': '23707.8536727892'}, 'miss_distance': {'astronomical': '0.3800823813', 'lunar': '147.8520463257', 'kilometers': '56859514.667007831', 'miles': '35330864.1001408278'}, 'orbiting_body': 'Earth'}]",False,http://api.nasa.gov/neo/rest/v1/neo/2368184?api_key=tfH3CNL9UeronJAAlsHsIJkwl8euQb7DJIMPPaCv,0.3408434689,0.7621491661,340.84346887,762.1491660801,0.2117902471,0.4735773895,1118.2528864074,2500.4894700422,,2025-04-21
3418110,3418110,(2008 NP3),https://ssd.jpl.nasa.gov/tools/sbdb_lookup.html#/?sstr=3418110,22.83,False,"[{'close_approach_date': '2025-04-21', 'close_approach_date_full': '2025-Apr-21 23:18', 'epoch_date_close_approach': 1745277480000, 'relative_velocity': {'kilometers_per_second': '8.3997635008', 'kilometers_per_hour': '30239.148602875', 'miles_per_hour': '18789.4309749364'}, 'miss_distance': {'astronomical': '0.3216742316', 'lunar': '125.1312760924', 'kilometers': '48121779.881246692', 'miles': '29901487.4678086696'}, 'orbiting_body': 'Earth'}]",False,http://api.nasa.gov/neo/rest/v1/neo/3418110?api_key=tfH3CNL9UeronJAAlsHsIJkwl8euQb7DJIMPPaCv,0.0722029558,0.1614507173,72.2029557657,161.4507172686,0.0448648228,0.1003207936,236.8863453945,529.6939712436,,2025-04-21
3599541,3599541,(2012 DO8),https://ssd.jpl.nasa.gov/tools/sbdb_lookup.html#/?sstr=3599541,22.34,False,"[{'close_approach_date': '2025-04-21', 'close_approach_date_full': '2025-Apr-21 00:15', 'epoch_date_close_approach': 1745194500000, 'relative_velocity': {'kilometers_per_second': '19.4519278293', 'kilometers_per_hour': '70026.9401853929', 'miles_per_hour': '43512.017361307'}, 'miss_distance': {'astronomical': '0.4132787697', 'lunar': '160.7654414133', 'kilometers': '61825623.663340539', 'miles': '38416661.1401518782'}, 'orbiting_body': 'Earth'}]",False,http://api.nasa.gov/neo/rest/v1/neo/3599541?api_key=tfH3CNL9UeronJAAlsHsIJkwl8euQb7DJIMPPaCv,0.0904804968,0.2023205415,90.4804968225,202.3205415331,0.0562219568,0.1257161172,296.8520331952,663.7813254835,,2025-04-21
3879726,3879726,(2019 UU6),https://ssd.jpl.nasa.gov/tools/sbdb_lookup.html#/?sstr=3879726,23.6,False,"[{'close_approach_date': '2025-04-21', 'close_approach_date_full': '2025-Apr-21 06:50', 'epoch_date_close_approach': 1745218200000, 'relative_velocity': {'kilometers_per_second': '20.3802255934', 'kilometers_per_hour': '73368.8121362598', 'miles_per_hour': '45588.5266298888'}, 'miss_distance': {'astronomical': '0.3959368323', 'lunar': '154.0194277647', 'kilometers': '59231306.766627201', 'miles': '36804627.3715333338'}, 'orbiting_body': 'Earth'}]",False,http://api.nasa.gov/neo/rest/v1/neo/3879726?api_key=tfH3CNL9UeronJAAlsHsIJkwl8euQb7DJIMPPaCv,0.0506471459,0.1132504611,50.6471458835,113.2504610618,0.0314706677,0.0703705522,166.1651821003,371.5566426699,,2025-04-21
54016548,54016548,(2020 HJ),https://ssd.jpl.nasa.gov/tools/sbdb_lookup.html#/?sstr=54016548,25.3,False,"[{'close_approach_date': '2025-04-21', 'close_approach_date_full': '2025-Apr-21 16:28', 'epoch_date_close_approach': 1745252880000, 'relative_velocity': {'kilometers_per_second': '8.8851224071', 'kilometers_per_hour': '31986.4406657234', 'miles_per_hour': '19875.1303125435'}, 'miss_distance': {'astronomical': '0.1002566858', 'lunar': '38.9998507762', 'kilometers': '14998186.648939246', 'miles': '9319441.0354277548'}, 'orbiting_body': 'Earth'}]",False,http://api.nasa.gov/neo/rest/v1/neo/54016548?api_key=tfH3CNL9UeronJAAlsHsIJkwl8euQb7DJIMPPaCv,0.0231502122,0.0517654482,23.150212221,51.7654482198,0.0143848705,0.0321655483,75.9521422633,169.8341531374,,2025-04-21
54051303,54051303,(2020 QN3),https://ssd.jpl.nasa.gov/tools/sbdb_lookup.html#/?sstr=54051303,20.96,False,"[{'close_approach_date': '2025-04-21', 'close_approach_date_full': '2025-Apr-21 16:04', 'epoch_date_close_approach': 1745251440000, 'relative_velocity': {'kilometers_per_second': '22.1399105088', 'kilometers_per_hour': '79703.6778316483', 'miles_per_hour': '49524.765817115'}, 'miss_distance': {'astronomical': '0.1349835011', 'lunar': '52.5085819279', 'kilometers': '20193244.249702657', 'miles': '12547500.1414523866'}, 'orbiting_body': 'Earth'}]",False,http://api.nasa.gov/neo/rest/v1/neo/54051303?api_key=tfH3CNL9UeronJAAlsHsIJkwl8euQb7DJIMPPaCv,0.1708263953,0.3819794322,170.8263952629,381.979432159,0.1061465681,0.2373509417,560.4540706342,1253.2134002046,,2025-04-21
54102028,54102028,(2020 YY3),https://ssd.jpl.nasa.gov/tools/sbdb_lookup.html#/?sstr=54102028,26.47,False,"[{'close_approach_date': '2025-04-21', 'close_approach_date_full': '2025-Apr-21 19:18', 'epoch_date_close_approach': 1745263080000, 'relative_velocity': {'kilometers_per_second': '8.8824992625', 'kilometers_per_hour': '31976.9973449236', 'miles_per_hour': '19869.2626002388'}, 'miss_distance': {'astronomical': '0.4791073883', 'lunar': '186.3727740487', 'kilometers': '71673444.790942921', 'miles': '44535813.4399814698'}, 'orbiting_body': 'Earth'}]",False,http://api.nasa.gov/neo/rest/v1/neo/54102028?api_key=tfH3CNL9UeronJAAlsHsIJkwl8euQb7DJIMPPaCv,0.013506878,0.0302022973,13.5068779833,30.2022973344,0.0083927823,0.0187668317,44.3139055626,99.0889051865,,2025-04-21
54143218,54143218,(2021 JQ),https://ssd.jpl.nasa.gov/tools/sbdb_lookup.html#/?sstr=54143218,23.8,False,"[{'close_approach_date': '2025-04-21', 'close_approach_date_full': '2025-Apr-21 11:17', 'epoch_date_close_approach': 1745234220000, 'relative_velocity': {'kilometers_per_second': '13.9398037583', 'kilometers_per_hour': '50183.2935297972', 'miles_per_hour': '31181.9470268898'}, 'miss_distance': {'astronomical': '0.2487863946', 'lunar': '96.7779074994', 'kilometers': '37217914.717139502', 'miles': '23126139.8318770476'}, 'orbiting_body': 'Earth'}]",False,http://api.nasa.gov/neo/rest/v1/neo/54143218?api_key=tfH3CNL9UeronJAAlsHsIJkwl8euQb7DJIMPPaCv,0.046190746,0.1032856481,46.1907460282,103.2856480504,0.0287015901,0.0641787064,151.544447199,338.8636855496,,2025-04-21
2613995,2613995,613995 (2008 NP3),https://ssd.jpl.nasa.gov/tools/sbdb_lookup.html#/?sstr=2613995,22.83,False,"[{'close_approach_date': '2025-04-21', 'close_approach_date_full': '2025-Apr-21 23:18', 'epoch_date_close_approach': 1745277480000, 'relative_velocity': {'kilometers_per_second': '8.3997635198', 'kilometers_per_hour': '30239.1486711721', 'miles_per_hour': '18789.4310173736'}, 'miss_distance': {'astronomical': '0.3216742318', 'lunar': '125.1312761702', 'kilometers': '48121779.911166266', 'miles': '29901487.4863998308'}, 'orbiting_body': 'Earth'}]",False,http://api.nasa.gov/neo/rest/v1/neo/2613995?api_key=tfH3CNL9UeronJAAlsHsIJkwl8euQb7DJIMPPaCv,0.0722029558,0.1614507173,72.2029557657,161.4507172686,0.0448648228,0.1003207936,236.8863453945,529.6939712436,,2025-04-21
54349263,54349263,(2023 FK),https://ssd.jpl.nasa.gov/tools/sbdb_lookup.html#/?sstr=54349263,25.04,False,"[{'close_approach_date': '2025-04-21', 'close_approach_date_full': '2025-Apr-21 20:58', 'epoch_date_close_approach': 1745269080000, 'relative_velocity': {'kilometers_per_second': '16.6137216172', 'kilometers_per_hour': '59809.3978217774', 'miles_per_hour': '37163.2338854261'}, 'miss_distance': {'astronomical': '0.3899846843', 'lunar': '151.7040421927', 'kilometers': '58340878.103902441', 'miles': '36251340.6567620458'}, 'orbiting_body': 'Earth'}]",False,http://api.nasa.gov/neo/rest/v1/neo/54349263?api_key=tfH3CNL9UeronJAAlsHsIJkwl8euQb7DJIMPPaCv,0.0260948603,0.0583498816,26.0948603255,58.3498815511,0.0162145895,0.0362569242,85.6130615502,191.4366253882,,2025-04-21
54432465,54432465,(2024 GR),https://ssd.jpl.nasa.gov/tools/sbdb_lookup.html#/?sstr=54432465,27.75,False,"[{'close_approach_date': '2025-04-21', 'close_approach_date_full': '2025-Apr-21 18:31', 'epoch_date_close_approach': 1745260260000, 'relative_velocity': {'kilometers_per_second': '14.9442306528', 'kilometers_per_hour': '53799.2303500382', 'miles_per_hour': '33428.7495472224'}, 'miss_distance': {'astronomical': '0.4266192731', 'lunar': '165.9548972359', 'kilometers': '63821334.556708297', 'miles': '39656738.3861446186'}, 'orbiting_body': 'Earth'}]",False,http://api.nasa.gov/neo/rest/v1/neo/54432465?api_key=tfH3CNL9UeronJAAlsHsIJkwl8euQb7DJIMPPaCv,0.0074912618,0.0167509707,7.4912618313,16.750970692,0.0046548529,0.0104085674,24.5776314666,54.9572546853,,2025-04-21
54490515,54490515,(2024 TL10),https://ssd.jpl.nasa.gov/tools/sbdb_lookup.html#/?sstr=54490515,24.71,False,"[{'close_approach_date': '2025-04-21', 'close_approach_date_full': '2025-Apr-21 02:39', 'epoch_date_close_approach': 1745203140000, 'relative_velocity': {'kilometers_per_second': '4.1308185806', 'kilometers_per_hour': '14870.9468900009', 'miles_per_hour': '9240.2280828453'}, 'miss_distance': {'astronomical': '0.1174725054', 'lunar': '45.6968046006', 'kilometers': '17573636.591403498', 'miles': '10919751.4222963524'}, 'orbiting_body': 'Earth'}]",False,http://api.nasa.gov/neo/rest/v1/neo/54490515?api_key=tfH3CNL9UeronJAAlsHsIJkwl8euQb7DJIMPPaCv,0.0303777061,0.0679266159,30.3777061387,67.9266159267,0.0188758256,0.0422076293,99.6643934081,222.8563585969,,2025-04-21
54502877,54502877,(2024 UY43),https://ssd.jpl.nasa.gov/tools/sbdb_lookup.html#/?sstr=54502877,25.11,False,"[{'close_approach_date': '2025-04-21', 'close_approach_date_full': '2025-Apr-21 13:19', 'epoch_date_close_approach': 1745241540000, 'relative_velocity': {'kilometers_per_second': '4.0865442761', 'kilometers_per_hour': '14711.5593939371', 'miles_per_hour': '9141.1908911938'}, 'miss_distance': {'astronomical': '0.1175507113', 'lunar': '45.7272266957', 'kilometers': '17585336.027464931', 'miles': '10927021.1147648078'}, 'orbiting_body': 'Earth'}]",False,http://api.nasa.gov/neo/rest/v1/neo/54502877?api_key=tfH3CNL9UeronJAAlsHsIJkwl8euQb7DJIMPPaCv,0.0252670754,0.0564988982,25.2670754154,56.4988982214,0.0157002279,0.0351067769,82.8972317058,185.3638452407,,2025-04-21
54521727,54521727,(2025 DY29),https://ssd.jpl.nasa.gov/tools/sbdb_lookup.html#/?sstr=54521727,25.28,False,"[{'close_approach_date': '2025-04-21', 'close_approach_date_full': '2025-Apr-21 06:16', 'epoch_date_close_approach': 1745216160000, 'relative_velocity': {'kilometers_per_second': '3.2580525156', 'kilometers_per_hour': '11728.989056204', 'miles_per_hour': '7287.937672173'}, 'miss_distance': {'astronomical': '0.0801085944', 'lunar': '31.1622432216', 'kilometers': '11984075.090933928', 'miles': '7446558.9599790864'}, 'orbiting_body': 'Earth'}]",False,http://api.nasa.gov/neo/rest/v1/neo/54521727?api_key=tfH3CNL9UeronJAAlsHsIJkwl8euQb7DJIMPPaCv,0.0233644185,0.052244428,23.3644184974,52.2444280149,0.0145179721,0.0324631725,76.6549187829,171.4056092083,,2025-04-21
3092342,3092342,(2001 SH276),https://ssd.jpl.nasa.gov/tools/sbdb_lookup.html#/?sstr=3092342,19.76,False,"[{'close_approach_date': '2025-04-22', 'close_approach_date_full': '2025-Apr-22 03:38', 'epoch_date_close_approach': 1745293080000, 'relative_velocity': {'kilometers_per_second': '11.644750174', 'kilometers_per_hour': '41921.1006263176', 'miles_per_hour': '26048.1416641694'}, 'miss_distance': {'astronomical': '0.2110116153', 'lunar': '82.0835183517', 'kilometers': '31566888.194139411', 'miles': '19614754.7755734318'}, 'orbiting_body': 'Earth'}]",False,http://api.nasa.gov/neo/rest/v1/neo/3092342?api_key=tfH3CNL9UeronJAAlsHsIJkwl8euQb7DJIMPPaCv,0.2968622513,0.6638041738,296.8622512601,663.8041737711,0.1844615939,0.4124686633,973.9575484241,2177.8352854753,,2025-04-22
3669255,3669255,(2014 HS124),https://ssd.jpl.nasa.gov/tools/sbdb_lookup.html#/?sstr=3669255,23.11,False,"[{'close_approach_date': '2025-04-22', 'close_approach_date_full': '2025-Apr-22 10:11', 'epoch_date_close_approach': 1745316660000, 'relative_velocity': {'kilometers_per_second': '8.8864827733', 'kilometers_per_hour': '31991.3379837852', 'miles_per_hour': '19878.1733155359'}, 'miss_distance': {'astronomical': '0.0278717231', 'lunar': '10.8421002859', 'kilometers': '4169550.408989797', 'miles': '2590838.4853693186'}, 'orbiting_body': 'Earth'}]",False,http://api.nasa.gov/neo/rest/v1/neo/3669255?api_key=tfH3CNL9UeronJAAlsHsIJkwl8euQb7DJIMPPaCv,0.0634680239,0.1419188158,63.4680238998,141.9188158376,0.0394371895,0.0881842365,208.2284315315,465.6129277527,,2025-04-22
54016432,54016432,(2020 GD),https://ssd.jpl.nasa.gov/tools/sbdb_lookup.html#/?sstr=54016432,22.1,False,"[{'close_approach_date': '2025-04-22', 'close_approach_date_full': '2025-Apr-22 01:33', 'epoch_date_close_approach': 1745285580000, 'relative_velocity': {'kilometers_per_second': '13.2597103884', 'kilometers_per_hour': '47734.9573984016', 'miles_per_hour': '29660.6461679124'}, 'miss_distance': {'astronomical': '0.3821689435', 'lunar': '148.6637190215', 'kilometers': '57171659.927750345', 'miles': '35524822.171210961'}, 'orbiting_body': 'Earth'}]",False,http://api.nasa.gov/neo/rest/v1/neo/54016432?api_key=tfH3CNL9UeronJAAlsHsIJkwl8euQb7DJIMPPaCv,0.1010543415,0.2259643771,101.054341542,225.9643771094,0.0627922373,0.140407711,331.5431259047,741.3529669956,,2025-04-22
54016725,54016725,(2020 HE5),https://ssd.jpl.nasa.gov/tools/sbdb_lookup.html#/?sstr=54016725,27.7,False,"[{'close_approach_date': '2025-04-22', 'close_approach_date_full': '2025-Apr-22 03:23', 'epoch_date_close_approach': 1745292180000, 'relative_velocity': {'kilometers_per_second': '10.9362608632', 'kilometers_per_hour': '39370.5391074764', 'miles_per_hour': '24463.321924865'}, 'miss_distance': {'astronomical': '0.2914263416', 'lunar': '113.3648468824', 'kilometers': '43596759.965252392', 'miles': '27089770.4730593296'}, 'orbiting_body': 'Earth'}]",False,http://api.nasa.gov/neo/rest/v1/neo/54016725?api_key=tfH3CNL9UeronJAAlsHsIJkwl8euQb7DJIMPPaCv,0.0076657557,0.0171411509,7.6657557353,17.1411509231,0.0047632783,0.0106510141,25.1501180466,56.2373735944,,2025-04-22
54016956,54016956,(2020 HJ10),https://ssd.jpl.nasa.gov/tools/sbdb_lookup.html#/?sstr=54016956,21.17,False,"[{'close_approach_date': '2025-04-22', 'close_approach_date_full': '2025-Apr-22 08:41', 'epoch_date_close_approach': 1745311260000, 'relative_velocity': {'kilometers_per_second': '23.1856547362', 'kilometers_per_hour': '83468.3570502606', 'miles_per_hour': '51863.9910793689'}, 'miss_distance': {'astronomical': '0.3926480206', 'lunar': '152.7400800134', 'kilometers': '58739307.541476122', 'miles': '36498913.2291776036'}, 'orbiting_body': 'Earth'}]",False,http://api.nasa.gov/neo/rest/v1/neo/54016956?api_key=tfH3CNL9UeronJAAlsHsIJkwl8euQb7DJIMPPaCv,0.1550797087,0.3467687706,155.079708716,346.7687706198,0.0963620337,0.2154720578,508.7917115437,1137.6928534001,,2025-04-22
54099644,54099644,(2020 XC4),https://ssd.jpl.nasa.gov/tools/sbdb_lookup.html#/?sstr=54099644,26.0,False,"[{'close_approach_date': '2025-04-22', 'close_approach_date_full': '2025-Apr-22 00:15', 'epoch_date_close_approach': 1745280900000, 'relative_velocity': {'kilometers_per_second': '6.4005840125', 'kilometers_per_hour': '23042.1024450972', 'miles_per_hour': '14317.4663776217'}, 'miss_distance': {'astronomical': '0.3663899603', 'lunar': '142.5256945567', 'kilometers': '54811157.650264561', 'miles': '34058074.0699945018'}, 'orbiting_body': 'Earth'}]",False,http://api.nasa.gov/neo/rest/v1/neo/54099644?api_key=tfH3CNL9UeronJAAlsHsIJkwl8euQb7DJIMPPaCv,0.0167708462,0.0375007522,16.7708462163,37.5007521798,0.0104209175,0.0233018799,55.0224631002,123.0339677816,,2025-04-22
54231260,54231260,(2021 YC),https://ssd.jpl.nasa.gov/tools/sbdb_lookup.html#/?sstr=54231260,25.8,False,"[{'close_approach_date': '2025-04-22', 'close_approach_date_full': '2025-Apr-22 02:46', 'epoch_date_close_approach': 1745289960000, 'relative_velocity': {'kilometers_per_second': '7.3570169337', 'kilometers_per_hour': '26485.2609612778', 'miles_per_hour': '16456.9111789673'}, 'miss_distance': {'astronomical': '0.4733437831', 'lunar': '184.1307316259', 'kilometers': '70811221.729501997', 'miles': '44000052.8731496786'}, 'orbiting_body': 'Earth'}]",False,http://api.nasa.gov/neo/rest/v1/neo/54231260?api_key=tfH3CNL9UeronJAAlsHsIJkwl8euQb7DJIMPPaCv,0.0183888672,0.0411187571,18.388867207,41.1187571041,0.0114263088,0.0255500032,60.3309310875,134.9040630575,,2025-04-22
54322239,54322239,(2022 UW16),https://ssd.jpl.nasa.gov/tools/sbdb_lookup.html#/?sstr=54322239,28.9,False,"[{'close_approach_date': '2025-04-22', 'close_approach_date_full': '2025-Apr-22 17:18', 'epoch_date_close_approach': 1745342280000, 'relative_velocity': {'kilometers_per_second': '25.2067700237', 'kilometers_per_hour': '90744.3720852059', 'miles_per_hour': '56385.0238659436'}, 'miss_distance': {'astronomical': '0.4702643422', 'lunar': '182.9328291158', 'kilometers': '70350543.930071114', 'miles': '43713800.9622608132'}, 'orbiting_body': 'Earth'}]",False,http://api.nasa.gov/neo/rest/v1/neo/54322239?api_key=tfH3CNL9UeronJAAlsHsIJkwl8euQb7DJIMPPaCv,0.004411182,0.0098637028,4.411182,9.8637028131,0.0027409806,0.0061290189,14.4723823528,32.3612307372,,2025-04-22
54431700,54431700,(2024 FP2),https://ssd.jpl.nasa.gov/tools/sbdb_lookup.html#/?sstr=54431700,21.33,False,"[{'close_approach_date': '2025-04-22', 'close_approach_date_full': '2025-Apr-22 11:16', 'epoch_date_close_approach': 1745320560000, 'relative_velocity': {'kilometers_per_second': '16.6506667046', 'kilometers_per_hour': '59942.4001364063', 'miles_per_hour': '37245.8763514242'}, 'miss_distance': {'astronomical': '0.0855773243', 'lunar': '33.2895791527', 'kilometers': '12802185.435579241', 'miles': '7954909.1556298858'}, 'orbiting_body': 'Earth'}]",False,http://api.nasa.gov/neo/rest/v1/neo/54431700?api_key=tfH3CNL9UeronJAAlsHsIJkwl8euQb7DJIMPPaCv,0.1440638367,0.3221365319,144.0638366688,322.1365318908,0.0895170903,0.200166299,472.6503978963,1056.8784192885,,2025-04-22
54525372,54525372,(2025 FC15),https://ssd.jpl.nasa.gov/tools/sbdb_lookup.html#/?sstr=54525372,24.97,False,"[{'close_approach_date': '2025-04-22', 'close_approach_date_full': '2025-Apr-22 13:34', 'epoch_date_close_approach': 1745328840000, 'relative_velocity': {'kilometers_per_second': '3.581199391', 'kilometers_per_hour': '12892.3178077678', 'miles_per_hour': '8010.7849178322'}, 'miss_distance': {'astronomical': '0.0678334082', 'lunar': '26.3871957898', 'kilometers': '10147733.381560534', 'miles': '6305509.1329580092'}, 'orbiting_body': 'Earth'}]",False,http://api.nasa.gov/neo/rest/v1/neo/54525372?api_key=tfH3CNL9UeronJAAlsHsIJkwl8euQb7DJIMPPaCv,0.0269497646,0.0602615057,26.9497646329,60.2615056967,0.0167458022,0.0374447521,88.4178657981,197.7083583501,,2025-04-22
54526556,54526556,(2025 GD1),https://ssd.jpl.nasa.gov/tools/sbdb_lookup.html#/?sstr=54526556,25.55,False,"[{'close_approach_date': '2025-04-22', 'close_approach_date_full': '2025-Apr-22 23:27', 'epoch_date_close_approach': 1745364420000, 'relative_velocity': {'kilometers_per_second': '5.8868465809', 'kilometers_per_hour': '21192.647691202', 'miles_per_hour': '13168.2871167916'}, 'miss_distance': {'astronomical': '0.0106572402', 'lunar': '4.1456664378', 'kilometers': '1594300.433998374', 'miles': '990652.3525266012'}, 'orbiting_body': 'Earth'}]",False,http://api.nasa.gov/neo/rest/v1/neo/54526556?api_key=tfH3CNL9UeronJAAlsHsIJkwl8euQb7DJIMPPaCv,0.0206326484,0.0461360043,20.63264836,46.1360042888,0.0128205293,0.0286675751,67.6924180454,151.3648483108,,2025-04-22
2223456,2223456,223456 (2003 UB10),https://ssd.jpl.nasa.gov/tools/sbdb_lookup.html#/?sstr=2223456,18.27,False,"[{'close_approach_date': '2025-04-23', 'close_approach_date_full': '2025-Apr-23 04:19', 'epoch_date_close_approach': 1745381940000, 'relative_velocity': {'kilometers_per_second': '7.6402430516', 'kilometers_per_hour': '27504.8749858089', 'miles_per_hour': '17090.4596821544'}, 'miss_distance': {'astronomical': '0.1781328797', 'lunar': '69.2936902033', 'kilometers': '26648299.380086239', 'miles': '16558485.4076145382'}, 'orbiting_body': 'Earth'}]",False,http://api.nasa.gov/neo/rest/v1/neo/2223456?api_key=tfH3CNL9UeronJAAlsHsIJkwl8euQb7DJIMPPaCv,0.5895966084,1.3183780956,589.5966083829,1318.3780956475,0.3663582341,0.8192019157,1934.3721366469,4325.3875913241,,2025-04-23
2439437,2439437,439437 (2013 NK4),https://ssd.jpl.nasa.gov/tools/sbdb_lookup.html#/?sstr=2439437,18.95,True,"[{'close_approach_date': '2025-04-23', 'close_approach_date_full': '2025-Apr-23 11:12', 'epoch_date_close_approach': 1745406720000, 'relative_velocity': {'kilometers_per_second': '22.5641453547', 'kilometers_per_hour': '81230.92327697', 'miles_per_hour': '50473.7367439595'}, 'miss_distance': {'astronomical': '0.1892677375', 'lunar': '73.6251498875', 'kilometers': '28314050.389719125', 'miles': '17593535.089108925'}, 'orbiting_body': 'Earth'}]",False,http://api.nasa.gov/neo/rest/v1/neo/2439437?api_key=tfH3CNL9UeronJAAlsHsIJkwl8euQb7DJIMPPaCv,0.4310771239,0.9639177525,431.077123878,963.9177525363,0.2678588235,0.5989505378,1414.2950711039,3162.4599192312,,2025-04-23
3457390,3457390,(2009 HG),https://ssd.jpl.nasa.gov/tools/sbdb_lookup.html#/?sstr=3457390,24.34,False,"[{'close_approach_date': '2025-04-23', 'close_approach_date_full': '2025-Apr-23 16:06', 'epoch_date_close_approach': 1745424360000, 'relative_velocity': {'kilometers_per_second': '6.257793733', 'kilometers_per_hour': '22528.0574386989', 'miles_per_hour': '13998.0588012849'}, 'miss_distance': {'astronomical': '0.1593172373', 'lunar': '61.9744053097', 'kilometers': '23833519.354364551', 'miles': '14809462.2029147638'}, 'orbiting_body': 'Earth'}]",False,http://api.nasa.gov/neo/rest/v1/neo/3457390?api_key=tfH3CNL9UeronJAAlsHsIJkwl8euQb7DJIMPPaCv,0.0360209346,0.0805452583,36.0209345803,80.5452583346,0.0223823641,0.0500484877,118.1789230084,264.2561053545,,2025-04-23
3670392,3670392,(2014 JF15),https://ssd.jpl.nasa.gov/tools/sbdb_lookup.html#/?sstr=3670392,25.37,False,"[{'close_approach_date': '2025-04-23', 'close_approach_date_full': '2025-Apr-23 01:04', 'epoch_date_close_approach': 1745370240000, 'relative_velocity': {'kilometers_per_second': '10.2193617216', 'kilometers_per_hour': '36789.7021976102', 'miles_per_hour': '22859.690234954'}, 'miss_distance': {'astronomical': '0.1513948884', 'lunar': '58.8926115876', 'kilometers': '22648352.833527708', 'miles': '14073033.8755020504'}, 'orbiting_body': 'Earth'}]",False,http://api.nasa.gov/neo/rest/v1/neo/3670392?api_key=tfH3CNL9UeronJAAlsHsIJkwl8euQb7DJIMPPaCv,0.0224158379,0.0501233372,22.4158378614,50.1233372306,0.0139285516,0.0311451882,73.5427774891,164.4466497198,,2025-04-23
3735678,3735678,(2015 XT1),https://ssd.jpl.nasa.gov/tools/sbdb_lookup.html#/?sstr=3735678,23.38,False,"[{'close_approach_date': '2025-04-23', 'close_approach_date_full': '2025-Apr-23 07:31', 'epoch_date_close_approach': 1745393460000, 'relative_velocity': {'kilometers_per_second': '14.5320605773', 'kilometers_per_hour': '52315.4180781018', 'miles_per_hour': '32506.7663052516'}, 'miss_distance': {'astronomical': '0.4299158592', 'lunar': '167.2372692288', 'kilometers': '64314496.815539904', 'miles': '39963175.2041185152'}, 'orbiting_body': 'Earth'}]",False,http://api.nasa.gov/neo/rest/v1/neo/3735678?api_key=tfH3CNL9UeronJAAlsHsIJkwl8euQb7DJIMPPaCv,0.0560473362,0.1253256538,56.0473362252,125.3256537574,0.0348261894,0.0778737268,183.8823425812,411.1734178734,,2025-04-23
3763286,3763286,(2016 VS1),https://ssd.jpl.nasa.gov/tools/sbdb_lookup.html#/?sstr=3763286,25.8,False,"[{'close_approach_date': '2025-04-23', 'close_approach_date_full': '2025-Apr-23 01:07', 'epoch_date_close_approach': 1745370420000, 'relative_velocity': {'kilometers_per_second': '8.1921704105', 'kilometers_per_hour': '29491.8134779008', 'miles_per_hour': '18325.0659913101'}, 'miss_distance': {'astronomical': '0.2555497098', 'lunar': '99.4088371122', 'kilometers': '38229692.265198126', 'miles': '23754829.2475250988'}, 'orbiting_body': 'Earth'}]",False,http://api.nasa.gov/neo/rest/v1/neo/3763286?api_key=tfH3CNL9UeronJAAlsHsIJkwl8euQb7DJIMPPaCv,0.0183888672,0.0411187571,18.388867207,41.1187571041,0.0114263088,0.0255500032,60.3309310875,134.9040630575,,2025-04-23
3772987,3772987,(2017 FQ101),https://ssd.jpl.nasa.gov/tools/sbdb_lookup.html#/?sstr=3772987,25.0,False,"[{'close_approach_date': '2025-04-23', 'close_approach_date_full': '2025-Apr-23 09:07', 'epoch_date_close_approach': 1745399220000, 'relative_velocity': {'kilometers_per_second': '7.3460047773', 'kilometers_per_hour': '26445.617198447', 'miles_per_hour': '16432.2780864462'}, 'miss_distance': {'astronomical': '0.1291592838', 'lunar': '50.2429613982', 'kilometers': '19321953.747205506', 'miles': '12006105.3280117428'}, 'orbiting_body': 'Earth'}]",False,http://api.nasa.gov/neo/rest/v1/neo/3772987?api_key=tfH3CNL9UeronJAAlsHsIJkwl8euQb7DJIMPPaCv,0.02658,0.0594346868,26.58,59.4346868419,0.0165160412,0.0369309908,87.2047272,194.9956979785,,2025-04-23
3879165,3879165,(2019 TY6),https://ssd.jpl.nasa.gov/tools/sbdb_lookup.html#/?sstr=3879165,25.04,False,"[{'close_approach_date': '2025-04-23', 'close_approach_date_full': '2025-Apr-23 02:25', 'epoch_date_close_approach': 1745375100000, 'relative_velocity': {'kilometers_per_second': '12.858170609', 'kilometers_per_hour': '46289.4141925688', 'miles_per_hour': '28762.441835377'}, 'miss_distance': {'astronomical': '0.3477219868', 'lunar': '135.2638528652', 'kilometers': '52018468.577448116', 'miles': '32322777.5469153608'}, 'orbiting_body': 'Earth'}]",False,http://api.nasa.gov/neo/rest/v1/neo/3879165?api_key=tfH3CNL9UeronJAAlsHsIJkwl8euQb7DJIMPPaCv,0.0260948603,0.0583498816,26.0948603255,58.3498815511,0.0162145895,0.0362569242,85.6130615502,191.4366253882,,2025-04-23
54068387,54068387,(2020 TM6),https://ssd.jpl.nasa.gov/tools/sbdb_lookup.html#/?sstr=54068387,26.1,False,"[{'close_approach_date': '2025-04-23', 'close_approach_date_full': '2025-Apr-23 07:40', 'epoch_date_close_approach': 1745394000000, 'relative_velocity': {'kilometers_per_second': '8.8086163335', 'kilometers_per_hour': '31711.0188004617', 'miles_per_hour': '19703.9938763202'}, 'miss_distance': {'astronomical': '0.3714235572', 'lunar': '144.4837637508', 'kilometers': '55564173.024943164', 'miles': '34525976.1269131032'}, 'orbiting_body': 'Earth'}]",False,http://api.nasa.gov/neo/rest/v1/neo/54068387?api_key=tfH3CNL9UeronJAAlsHsIJkwl8euQb7DJIMPPaCv,0.0160160338,0.0358129403,16.0160337979,35.8129403019,0.0099518989,0.0222531225,52.5460443254,117.4965270602,,2025-04-23
54143414,54143414,(2021 JY),https://ssd.jpl.nasa.gov/tools/sbdb_lookup.html#/?sstr=54143414,18.77,True,"[{'close_approach_date': '2025-04-23', 'close_approach_date_full': '2025-Apr-23 06:57', 'epoch_date_close_approach': 1745391420000, 'relative_velocity': {'kilometers_per_second': '21.5961258975', 'kilometers_per_hour': '77746.0532309662', 'miles_per_hour': '48308.3740200967'}, 'miss_distance': {'astronomical': '0.1933158653', 'lunar': '75.1998716017', 'kilometers': '28919641.686086911', 'miles': '17969832.0715489318'}, 'orbiting_body': 'Earth'}]",False,http://api.nasa.gov/neo/rest/v1/neo/54143414?api_key=tfH3CNL9UeronJAAlsHsIJkwl8euQb7DJIMPPaCv,0.4683332331,1.0472249454,468.3332331362,1047.2249454148,0.2910086894,0.6507152116,1536.5264046026,3435.7774899148,,2025-04-23
54145084,54145084,(2021 JV5),https://ssd.jpl.nasa.gov/tools/sbdb_lookup.html#/?sstr=54145084,25.1,False,"[{'close_approach_date': '2025-04-23', 'close_approach_date_full': '2025-Apr-23 10:20', 'epoch_date_close_approach': 1745403600000, 'relative_velocity': {'kilometers_per_second': '15.8630731929', 'kilometers_per_hour': '57107.0634943547', 'miles_per_hour': '35484.108425145'}, 'miss_distance': {'astronomical': '0.4045891629', 'lunar': '157.3851843681', 'kilometers': '60525676.994923023', 'miles': '37608911.7362347974'}, 'orbiting_body': 'Earth'}]",False,http://api.nasa.gov/neo/rest/v1/neo/54145084?api_key=tfH3CNL9UeronJAAlsHsIJkwl8euQb7DJIMPPaCv,0.0253837029,0.0567596853,25.3837029364,56.7596852866,0.0157726969,0.0352688224,83.279867942,186.2194458756,,2025-04-23
54212588,54212588,(2021 UF1),https://ssd.jpl.nasa.gov/tools/sbdb_lookup.html#/?sstr=54212588,25.06,False,"[{'close_approach_date': '2025-04-23', 'close_approach_date_full': '2025-Apr-23 14:20', 'epoch_date_close_approach': 1745418000000, 'relative_velocity': {'kilometers_per_second': '9.5831873144', 'kilometers_per_hour': '34499.4743317307', 'miles_per_hour': '21436.6317035134'}, 'miss_distance': {'astronomical': '0.1755267894', 'lunar': '68.2799210766', 'kilometers': '26258433.822178578', 'miles': '16316234.1832692564'}, 'orbiting_body': 'Earth'}]",False,http://api.nasa.gov/neo/rest/v1/neo/54212588?api_key=tfH3CNL9UeronJAAlsHsIJkwl8euQb7DJIMPPaCv,0.0258556212,0.0578149266,25.855621208,57.8149266216,0.0160659332,0.0359245188,84.828156284,189.6815238571,,2025-04-23
54276655,54276655,(2022 HL2),https://ssd.jpl.nasa.gov/tools/sbdb_lookup.html#/?sstr=54276655,26.07,False,"[{'close_approach_date': '2025-04-23', 'close_approach_date_full': '2025-Apr-23 16:53', 'epoch_date_close_approach': 1745427180000, 'relative_velocity': {'kilometers_per_second': '17.7616487333', 'kilometers_per_hour': '63941.935439705', 'miles_per_hour': '39731.0320514101'}, 'miss_distance': {'astronomical': '0.4327277305', 'lunar': '168.3310871645', 'kilometers': '64735146.772734035', 'miles': '40224554.967178283'}, 'orbiting_body': 'Earth'}]",False,http://api.nasa.gov/neo/rest/v1/neo/54276655?api_key=tfH3CNL9UeronJAAlsHsIJkwl8euQb7DJIMPPaCv,0.016238839,0.0363111479,16.238839022,36.3111479288,0.0100903436,0.0225626943,53.2770326169,119.1310665709,,2025-04-23
54354403,54354403,(2023 GJ2),https://ssd.jpl.nasa.gov/tools/sbdb_lookup.html#/?sstr=54354403,25.62,False,"[{'close_approach_date': '2025-04-23', 'close_approach_date_full': '2025-Apr-23 14:32', 'epoch_date_close_approach': 1745418720000, 'relative_velocity': {'kilometers_per_second': '18.723560538', 'kilometers_per_hour': '67404.8179367924', 'miles_per_hour': '41882.7325674475'}, 'miss_distance': {'astronomical': '0.3397212669', 'lunar': '132.1515728241', 'kilometers': '50821577.921941503', 'miles': '31579064.1800306214'}, 'orbiting_body': 'Earth'}]",False,http://api.nasa.gov/neo/rest/v1/neo/54354403?api_key=tfH3CNL9UeronJAAlsHsIJkwl8euQb7DJIMPPaCv,0.0199781365,0.0446724713,19.978136523,44.6724713292,0.0124138347,0.0277581782,65.5450694301,146.5632308357,,2025-04-23
54377397,54377397,(2023 QM1),https://ssd.jpl.nasa.gov/tools/sbdb_lookup.html#/?sstr=54377397,25.52,False,"[{'close_approach_date': '2025-04-23', 'close_approach_date_full': '2025-Apr-23 16:27', 'epoch_date_close_approach': 1745425620000, 'relative_velocity': {'kilometers_per_second': '19.9240100209', 'kilometers_per_hour': '71726.4360753718', 'miles_per_hour': '44568.0180158331'}, 'miss_distance': {'astronomical': '0.4925881925', 'lunar': '191.6168068825', 'kilometers': '73690144.385149975', 'miles': '45788932.459920655'}, 'orbiting_body': 'Earth'}]",False,http://api.nasa.gov/neo/rest/v1/neo/54377397?api_key=tfH3CNL9UeronJAAlsHsIJkwl8euQb7DJIMPPaCv,0.0209196771,0.04677782,20.9196770901,46.7778200408,0.0129988807,0.0290663808,68.6341133843,153.4705431027,,2025-04-23
54525464,54525464,(2025 FS16),https://ssd.jpl.nasa.gov/tools/sbdb_lookup.html#/?sstr=54525464,24.36,False,"[{'close_approach_date': '2025-04-23', 'close_approach_date_full': '2025-Apr-23 04:00', 'epoch_date_close_approach': 1745380800000, 'relative_velocity': {'kilometers_per_second': '13.1636347429', 'kilometers_per_hour': '47389.0850743208', 'miles_per_hour': '29445.734556319'}, 'miss_distance': {'astronomical': '0.0528191477', 'lunar': '20.5466484553', 'kilometers': '7901631.991135399', 'miles': '4909846.4466865462'}, 'orbiting_body': 'Earth'}]",False,http://api.nasa.gov/neo/rest/v1/neo/54525464?api_key=tfH3CNL9UeronJAAlsHsIJkwl8euQb7DJIMPPaCv,0.0356906927,0.079806815,35.690692667,79.8068149676,0.0221771614,0.0495896404,117.0954521297,261.8333908182,,2025-04-23
3126185,3126185,(2002 JQ100),https://ssd.jpl.nasa.gov/tools/sbdb_lookup.html#/?sstr=3126185,19.8,False,"[{'close_approach_date': '2025-04-24', 'close_approach_date_full': '2025-Apr-24 21:43', 'epoch_date_close_approach': 1745530980000, 'relative_velocity': {'kilometers_per_second': '26.9784968038', 'kilometers_per_hour': '97122.5884935997', 'miles_per_hour': '60348.1995003703'}, 'miss_distance': {'astronomical': '0.3754253178', 'lunar': '146.0404486242', 'kilometers': '56162827.886953086', 'miles': '34897963.0089051468'}, 'orbiting_body': 'Earth'}]",False,http://api.nasa.gov/neo/rest/v1/neo/3126185?api_key=tfH3CNL9UeronJAAlsHsIJkwl8euQb7DJIMPPaCv,0.2914439045,0.6516883822,291.4439045349,651.6883821679,0.1810947904,0.4049402617,956.1808197541,2138.0853117517,,2025-04-24
3557843,3557843,(2011 DV),https://ssd.jpl.nasa.gov/tools/sbdb_lookup.html#/?sstr=3557843,20.73,True,"[{'close_approach_date': '2025-04-24', 'close_approach_date_full': '2025-Apr-24 02:50', 'epoch_date_close_approach': 1745463000000, 'relative_velocity': {'kilometers_per_second': '6.3980454243', 'kilometers_per_hour': '23032.9635273328', 'miles_per_hour': '14311.7878095252'}, 'miss_distance': {'astronomical': '0.1337664671', 'lunar': '52.0351557019', 'kilometers': '20011178.555585077', 'miles': '12434369.7650529826'}, 'orbiting_body': 'Earth'}]",False,http://api.nasa.gov/neo/rest/v1/neo/3557843?api_key=tfH3CNL9UeronJAAlsHsIJkwl8euQb7DJIMPPaCv,0.1899131235,0.4246586539,189.9131234709,424.6586539002,0.1180065074,0.2638705724,623.0745720082,1393.2370980619,,2025-04-24
3634388,3634388,(2013 GR38),https://ssd.jpl.nasa.gov/tools/sbdb_lookup.html#/?sstr=3634388,21.96,True,"[{'close_approach_date': '2025-04-24', 'close_approach_date_full': '2025-Apr-24 07:36', 'epoch_date_close_approach': 1745480160000, 'relative_velocity': {'kilometers_per_second': '17.5500001746', 'kilometers_per_hour': '63180.0006287249', 'miles_per_hour': '39257.5953906652'}, 'miss_distance': {'astronomical': '0.0981318623', 'lunar': '38.1732944347', 'kilometers': '14680317.579213301', 'miles': '9121926.3543775138'}, 'orbiting_body': 'Earth'}]",False,http://api.nasa.gov/neo/rest/v1/neo/3634388?api_key=tfH3CNL9UeronJAAlsHsIJkwl8euQb7DJIMPPaCv,0.1077841687,0.2410127282,107.7841687222,241.0127281611,0.0669739567,0.1497583199,353.6226121105,790.7241990601,,2025-04-24
3636252,3636252,(2013 HJ19),https://ssd.jpl.nasa.gov/tools/sbdb_lookup.html#/?sstr=3636252,21.5,False,"[{'close_approach_date': '2025-04-24', 'close_approach_date_full': '2025-Apr-24 20:46', 'epoch_date_close_approach': 1745527560000, 'relative_velocity': {'kilometers_per_second': '13.8879842497', 'kilometers_per_hour': '49996.7432988422', 'miles_per_hour': '31066.0319681056'}, 'miss_distance': {'astronomical': '0.4993054423', 'lunar': '194.2298170547', 'kilometers': '74695030.647487901', 'miles': '46413339.8291829938'}, 'orbiting_body': 'Earth'}]",False,http://api.nasa.gov/neo/rest/v1/neo/3636252?api_key=tfH3CNL9UeronJAAlsHsIJkwl8euQb7DJIMPPaCv,0.1332155667,0.2978790628,133.2155666981,297.8790627982,0.0827762899,0.1850934111,437.0589598459,977.2935443908,,2025-04-24
3693520,3693520,(2014 UV),https://ssd.jpl.nasa.gov/tools/sbdb_lookup.html#/?sstr=3693520,20.5,False,"[{'close_approach_date': '2025-04-24', 'close_approach_date_full': '2025-Apr-24 14:32', 'epoch_date_close_approach': 1745505120000, 'relative_velocity': {'kilometers_per_second': '17.772652865', 'kilometers_per_hour': '63981.5503138963', 'miles_per_hour': '39755.6471936541'}, 'miss_distance': {'astronomical': '0.2692224407', 'lunar': '104.7275294323', 'kilometers': '40275103.684921309', 'miles': '25025788.9685557042'}, 'orbiting_body': 'Earth'}]",False,http://api.nasa.gov/neo/rest/v1/neo/3693520?api_key=tfH3CNL9UeronJAAlsHsIJkwl8euQb7DJIMPPaCv,0.2111324448,0.4721064988,211.1324447897,472.1064988055,0.1311915784,0.2933532873,692.6917701639,1548.9058855411,,2025-04-24
3694127,3694127,(2014 UV34),https://ssd.jpl.nasa.gov/tools/sbdb_lookup.html#/?sstr=3694127,24.9,False,"[{'close_approach_date': '2025-04-24', 'close_approach_date_full': '2025-Apr-24 09:43', 'epoch_date_close_approach': 1745487780000, 'relative_velocity': {'kilometers_per_second': '4.6858589828', 'kilometers_per_hour': '16869.092338248', 'miles_per_hour': '10481.7979587297'}, 'miss_distance': {'astronomical': '0.0939281825', 'lunar': '36.5380629925', 'kilometers': '14051456.034971275', 'miles': '8731169.910402595'}, 'orbiting_body': 'Earth'}]",False,http://api.nasa.gov/neo/rest/v1/neo/3694127?api_key=tfH3CNL9UeronJAAlsHsIJkwl8euQb7DJIMPPaCv,0.0278326768,0.0622357573,27.8326768072,62.2357573367,0.0172944182,0.0386714948,91.3145593761,204.1855621004,,2025-04-24
3702717,3702717,(2014 YE1),https://ssd.jpl.nasa.gov/tools/sbdb_lookup.html#/?sstr=3702717,23.4,False,"[{'close_approach_date': '2025-04-24', 'close_approach_date_full': '2025-Apr-24 18:37', 'epoch_date_close_approach': 1745519820000, 'relative_velocity': {'kilometers_per_second': '28.3879284459', 'kilometers_per_hour': '102196.5424052879', 'miles_per_hour': '63500.9571406635'}, 'miss_distance': {'astronomical': '0.3686863748', 'lunar': '143.4189997972', 'kilometers': '55154696.368101676', 'miles': '34271539.1307520888'}, 'orbiting_body': 'Earth'}]",False,http://api.nasa.gov/neo/rest/v1/neo/3702717?api_key=tfH3CNL9UeronJAAlsHsIJkwl8euQb7DJIMPPaCv,0.0555334912,0.1241766613,55.5334911581,124.1766612574,0.0345069009,0.0771597762,182.1964991311,407.4037573197,,2025-04-24
3827310,3827310,(2018 RW1),https://ssd.jpl.nasa.gov/tools/sbdb_lookup.html#/?sstr=3827310,23.4,False,"[{'close_approach_date': '2025-04-24', 'close_approach_date_full': '2025-Apr-24 13:58', 'epoch_date_close_approach': 1745503080000, 'relative_velocity': {'kilometers_per_second': '8.8146299954', 'kilometers_per_hour': '31732.6679834234', 'miles_per_hour': '19717.4458366999'}, 'miss_distance': {'astronomical': '0.2907359603', 'lunar': '113.0962885567', 'kilometers': '43493480.393284561', 'miles': '27025595.5228705018'}, 'orbiting_body': 'Earth'}]",False,http://api.nasa.gov/neo/rest/v1/neo/3827310?api_key=tfH3CNL9UeronJAAlsHsIJkwl8euQb7DJIMPPaCv,0.0555334912,0.1241766613,55.5334911581,124.1766612574,0.0345069009,0.0771597762,182.1964991311,407.4037573197,,2025-04-24
3840753,3840753,(2019 FY2),https://ssd.jpl.nasa.gov/tools/sbdb_lookup.html#/?sstr=3840753,27.4,False,"[{'close_approach_date': '2025-04-24', 'close_approach_date_full': '2025-Apr-24 12:35', 'epoch_date_close_approach': 1745498100000, 'relative_velocity': {'kilometers_per_second': '5.3145499688', 'kilometers_per_hour': '19132.3798876241', 'miles_per_hour': '11888.116825174'}, 'miss_distance': {'astronomical': '0.0326547918', 'lunar': '12.7027140102', 'kilometers': '4885087.298573466', 'miles': '3035452.4915311908'}, 'orbiting_body': 'Earth'}]",False,http://api.nasa.gov/neo/rest/v1/neo/3840753?api_key=tfH3CNL9UeronJAAlsHsIJkwl8euQb7DJIMPPaCv,0.0088014652,0.0196806745,8.801465209,19.6806745089,0.0054689752,0.0122290004,28.8761991163,64.5691441559,,2025-04-24
3873162,3873162,(2019 SW9),https://ssd.jpl.nasa.gov/tools/sbdb_lookup.html#/?sstr=3873162,24.5,False,"[{'close_approach_date': '2025-04-24', 'close_approach_date_full': '2025-Apr-24 05:17', 'epoch_date_close_approach': 1745471820000, 'relative_velocity': {'kilometers_per_second': '6.9425271417', 'kilometers_per_hour': '24993.0977099871', 'miles_per_hour': '15529.7389631862'}, 'miss_distance': {'astronomical': '0.4632406813', 'lunar': '180.2006250257', 'kilometers': '69299819.219828831', 'miles': '43060910.9022306278'}, 'orbiting_body': 'Earth'}]",False,http://api.nasa.gov/neo/rest/v1/neo/3873162?api_key=tfH3CNL9UeronJAAlsHsIJkwl8euQb7DJIMPPaCv,0.0334622374,0.0748238376,33.4622374455,74.8238376074,0.0207924639,0.0464933628,109.7842471007,245.4850393757,,2025-04-24
54016713,54016713,(2020 HX4),https://ssd.jpl.nasa.gov/tools/sbdb_lookup.html#/?sstr=54016713,26.3,False,"[{'close_approach_date': '2025-04-24', 'close_approach_date_full': '2025-Apr-24 20:37', 'epoch_date_close_approach': 1745527020000, 'relative_velocity': {'kilometers_per_second': '8.9174585708', 'kilometers_per_hour': '32102.8508549552', 'miles_per_hour': '19947.4630770693'}, 'miss_distance': {'astronomical': '0.2018534704', 'lunar': '78.5209999856', 'kilometers': '30196849.223948048', 'miles': '18763452.0349291424'}, 'orbiting_body': 'Earth'}]",False,http://api.nasa.gov/neo/rest/v1/neo/54016713?api_key=tfH3CNL9UeronJAAlsHsIJkwl8euQb7DJIMPPaCv,0.0146067964,0.0326617897,14.6067964271,32.6617897446,0.0090762397,0.020295089,47.92256199,107.1581062656,,2025-04-24
54017652,54017652,(2020 MK3),https://ssd.jpl.nasa.gov/tools/sbdb_lookup.html#/?sstr=54017652,25.8,False,"[{'close_approach_date': '2025-04-24', 'close_approach_date_full': '2025-Apr-24 21:42', 'epoch_date_close_approach': 1745530920000, 'relative_velocity': {'kilometers_per_second': '12.9057804777', 'kilometers_per_hour': '46460.8097198546', 'miles_per_hour': '28868.9403506508'}, 'miss_distance': {'astronomical': '0.1546849307', 'lunar': '60.1724380423', 'kilometers': '23140536.153817609', 'miles': '14378862.4092726442'}, 'orbiting_body': 'Earth'}]",False,http://api.nasa.gov/neo/rest/v1/neo/54017652?api_key=tfH3CNL9UeronJAAlsHsIJkwl8euQb7DJIMPPaCv,0.0183888672,0.0411187571,18.388867207,41.1187571041,0.0114263088,0.0255500032,60.3309310875,134.9040630575,,2025-04-24
54134556,54134556,(2021 GC1),https://ssd.jpl.nasa.gov/tools/sbdb_lookup.html#/?sstr=54134556,28.25,False,"[{'close_approach_date': '2025-04-24', 'close_approach_date_full': '2025-Apr-24 18:57', 'epoch_date_close_approach': 1745521020000, 'relative_velocity': {'kilometers_per_second': '14.5086369519', 'kilometers_per_hour': '52231.0930268033', 'miles_per_hour': '32454.3699976823'}, 'miss_distance': {'astronomical': '0.3301413291', 'lunar': '128.4249770199', 'kilometers': '49388439.632329017', 'miles': '30688553.3404017546'}, 'orbiting_body': 'Earth'}]",False,http://api.nasa.gov/neo/rest/v1/neo/54134556?api_key=tfH3CNL9UeronJAAlsHsIJkwl8euQb7DJIMPPaCv,0.0059505208,0.013305769,5.9505207863,13.3057689797,0.0036974811,0.008267819,19.5227066166,43.6540990994,,2025-04-24
2612362,2612362,612362 (2002 JQ100),https://ssd.jpl.nasa.gov/tools/sbdb_lookup.html#/?sstr=2612362,19.86,False,"[{'close_approach_date': '2025-04-24', 'close_approach_date_full': '2025-Apr-24 21:43', 'epoch_date_close_approach': 1745530980000, 'relative_velocity': {'kilometers_per_second': '26.9784942766', 'kilometers_per_hour': '97122.5793959054', 'miles_per_hour': '60348.1938474169'}, 'miss_distance': {'astronomical': '0.3754252786', 'lunar': '146.0404333754', 'kilometers': '56162822.022716582', 'miles': '34897959.3650375516'}, 'orbiting_body': 'Earth'}]",False,http://api.nasa.gov/neo/rest/v1/neo/2612362?api_key=tfH3CNL9UeronJAAlsHsIJkwl8euQb7DJIMPPaCv,0.283501249,0.6339280645,283.501249023,633.9280645215,0.1761594546,0.3939045154,930.1222378446,2079.8165512048,,2025-04-24
54282890,54282890,(2022 LA3),https://ssd.jpl.nasa.gov/tools/sbdb_lookup.html#/?sstr=54282890,26.0,False,"[{'close_approach_date': '2025-04-24', 'close_approach_date_full': '2025-Apr-24 17:59', 'epoch_date_close_approach': 1745517540000, 'relative_velocity': {'kilometers_per_second': '8.9078440722', 'kilometers_per_hour': '32068.2386599381', 'miles_per_hour': '19925.9564051154'}, 'miss_distance': {'astronomical': '0.1723221697', 'lunar': '67.0333240133', 'kilometers': '25779029.540898539', 'miles': '16018346.1761322782'}, 'orbiting_body': 'Earth'}]",False,http://api.nasa.gov/neo/rest/v1/neo/54282890?api_key=tfH3CNL9UeronJAAlsHsIJkwl8euQb7DJIMPPaCv,0.0167708462,0.0375007522,16.7708462163,37.5007521798,0.0104209175,0.0233018799,55.0224631002,123.0339677816,,2025-04-24
54338709,54338709,(2023 AR),https://ssd.jpl.nasa.gov/tools/sbdb_lookup.html#/?sstr=54338709,25.02,False,"[{'close_approach_date': '2025-04-24', 'close_approach_date_full': '2025-Apr-24 21:09', 'epoch_date_close_approach': 1745528940000, 'relative_velocity': {'kilometers_per_second': '36.8110000407', 'kilometers_per_hour': '132519.6001466917', 'miles_per_hour': '82342.5259911485'}, 'miss_distance': {'astronomical': '0.2426956712', 'lunar': '94.4086160968', 'kilometers': '36306755.469740344', 'miles': '22559971.7291069872'}, 'orbiting_body': 'Earth'}]",False,http://api.nasa.gov/neo/rest/v1/neo/54338709?api_key=tfH3CNL9UeronJAAlsHsIJkwl8euQb7DJIMPPaCv,0.0263363131,0.0588897864,26.3363130952,58.8897863577,0.0163646212,0.0365924054,86.4052294554,193.2079666738,,2025-04-24
54372216,54372216,(2023 LO),https://ssd.jpl.nasa.gov/tools/sbdb_lookup.html#/?sstr=54372216,27.57,False,"[{'close_approach_date': '2025-04-24', 'close_approach_date_full': '2025-Apr-24 22:04', 'epoch_date_close_approach': 1745532240000, 'relative_velocity': {'kilometers_per_second': '15.4192111669', 'kilometers_per_hour': '55509.1602007748', 'miles_per_hour': '34491.2334591981'}, 'miss_distance': {'astronomical': '0.3516163117', 'lunar': '136.7787452513', 'kilometers': '52601051.287576079', 'miles': '32684777.6568207302'}, 'orbiting_body': 'Earth'}]",False,http://api.nasa.gov/neo/rest/v1/neo/54372216?api_key=tfH3CNL9UeronJAAlsHsIJkwl8euQb7DJIMPPaCv,0.0081386988,0.0181986838,8.1386988067,18.1986837803,0.0050571514,0.0113081343,26.7017685931,59.7069696937,,2025-04-24
54397132,54397132,(2023 UP2),https://ssd.jpl.nasa.gov/tools/sbdb_lookup.html#/?sstr=54397132,26.69,False,"[{'close_approach_date': '2025-04-24', 'close_approach_date_full': '2025-Apr-24 14:53', 'epoch_date_close_approach': 1745506380000, 'relative_velocity': {'kilometers_per_second': '14.6647219121', 'kilometers_per_hour': '52792.9988835708', 'miles_per_hour': '32803.5164451832'}, 'miss_distance': {'astronomical': '0.2049656155', 'lunar': '79.7316244295', 'kilometers': '30662419.502038985', 'miles': '19052743.991088593'}, 'orbiting_body': 'Earth'}]",True,http://api.nasa.gov/neo/rest/v1/neo/54397132?api_key=tfH3CNL9UeronJAAlsHsIJkwl8euQb7DJIMPPaCv,0.0122054832,0.0272922901,12.2054831812,27.2922900914,0.0075841333,0.0169586376,40.0442374402,89.5416370235,http://api.nasa.gov/neo/rest/v1/neo/sentry/54397132?api_key=tfH3CNL9UeronJAAlsHsIJkwl8euQb7DJIMPPaCv,2025-04-24
54435949,54435949,(2024 HZ),https://ssd.jpl.nasa.gov/tools/sbdb_lookup.html#/?sstr=54435949,28.69,False,"[{'close_approach_date': '2025-04-24', 'close_approach_date_full': '2025-Apr-24 07:00', 'epoch_date_close_approach': 1745478000000, 'relative_velocity': {'kilometers_per_second': '11.4578601433', 'kilometers_per_hour': '41248.2965157162', 'miles_per_hour': '25630.087354446'}, 'miss_distance': {'astronomical': '0.1548384547', 'lunar': '60.2321588783', 'kilometers': '23163503.017211489', 'miles': '14393133.3564329882'}, 'orbiting_body': 'Earth'}]",True,http://api.nasa.gov/neo/rest/v1/neo/54435949?api_key=tfH3CNL9UeronJAAlsHsIJkwl8euQb7DJIMPPaCv,0.0048590904,0.0108652564,4.8590903745,10.8652563862,0.0030192978,0.0067513552,15.9418980643,35.6471677621,http://api.nasa.gov/neo/rest/v1/neo/sentry/54435949?api_key=tfH3CNL9UeronJAAlsHsIJkwl8euQb7DJIMPPaCv,2025-04-24
54502168,54502168,(2024 WC15),https://ssd.jpl.nasa.gov/tools/sbdb_lookup.html#/?sstr=54502168,20.87,True,"[{'close_approach_date': '2025-04-24', 'close_approach_date_full': '2025-Apr-24 17:18', 'epoch_date_close_approach': 1745515080000, 'relative_velocity': {'kilometers_per_second': '13.3697585866', 'kilometers_per_hour': '48131.130911674', 'miles_per_hour': '29906.8129823121'}, 'miss_distance': {'astronomical': '0.1800232949', 'lunar': '70.0290617161', 'kilometers': '26931101.467421863', 'miles': '16734210.4762051894'}, 'orbiting_body': 'Earth'}]",False,http://api.nasa.gov/neo/rest/v1/neo/54502168?api_key=tfH3CNL9UeronJAAlsHsIJkwl8euQb7DJIMPPaCv,0.1780553292,0.3981438198,178.0553291829,398.1438198091,0.1106384179,0.2473950235,584.1710461965,1306.2461697825,,2025-04-24
2462959,2462959,462959 (2011 DU),https://ssd.jpl.nasa.gov/tools/sbdb_lookup.html#/?sstr=2462959,21.07,True,"[{'close_approach_date': '2025-04-25', 'close_approach_date_full': '2025-Apr-25 15:45', 'epoch_date_close_approach': 1745595900000, 'relative_velocity': {'kilometers_per_second': '9.4841482237', 'kilometers_per_hour': '34142.9336053339', 'miles_per_hour': '21215.0911616031'}, 'miss_distance': {'astronomical': '0.0329595453', 'lunar': '12.8212631217', 'kilometers': '4930677.773048511', 'miles': '3063781.0987550118'}, 'orbiting_body': 'Earth'}]",False,http://api.nasa.gov/neo/rest/v1/neo/2462959?api_key=tfH3CNL9UeronJAAlsHsIJkwl8euQb7DJIMPPaCv,0.1623883902,0.3631114793,162.3883902199,363.1114792885,0.1009034364,0.225626943,532.7703261691,1191.3106657088,,2025-04-25
3329605,3329605,(2006 GU2),https://ssd.jpl.nasa.gov/tools/sbdb_lookup.html#/?sstr=3329605,27.8,False,"[{'close_approach_date': '2025-04-25', 'close_approach_date_full': '2025-Apr-25 16:36', 'epoch_date_close_approach': 1745598960000, 'relative_velocity': {'kilometers_per_second': '21.8451742674', 'kilometers_per_hour': '78642.627362806', 'miles_per_hour': '48865.4703188502'}, 'miss_distance': {'astronomical': '0.4924611406', 'lunar': '191.5673836934', 'kilometers': '73671137.691530522', 'miles': '45777122.2481523236'}, 'orbiting_body': 'Earth'}]",True,http://api.nasa.gov/neo/rest/v1/neo/3329605?api_key=tfH3CNL9UeronJAAlsHsIJkwl8euQb7DJIMPPaCv,0.0073207399,0.016369672,7.3207398935,16.3696720474,0.0045488955,0.0101716395,24.0181762721,53.70627484,http://api.nasa.gov/neo/rest/v1/neo/sentry/3329605?api_key=tfH3CNL9UeronJAAlsHsIJkwl8euQb7DJIMPPaCv,2025-04-25
3562319,3562319,(2011 GJ44),https://ssd.jpl.nasa.gov/tools/sbdb_lookup.html#/?sstr=3562319,21.8,False,"[{'close_approach_date': '2025-04-25', 'close_approach_date_full': '2025-Apr-25 04:41', 'epoch_date_close_approach': 1745556060000, 'relative_velocity': {'kilometers_per_second': '16.98171255', 'kilometers_per_hour': '61134.1651798427', 'miles_per_hour': '37986.3928029972'}, 'miss_distance': {'astronomical': '0.2692648405', 'lunar': '104.7440229545', 'kilometers': '40281446.604689735', 'miles': '25029730.276138943'}, 'orbiting_body': 'Earth'}]",False,http://api.nasa.gov/neo/rest/v1/neo/3562319?api_key=tfH3CNL9UeronJAAlsHsIJkwl8euQb7DJIMPPaCv,0.1160259082,0.2594418179,116.0259082094,259.4418179074,0.0720951346,0.1612096218,380.6624406898,851.1870938635,,2025-04-25
3819573,3819573,(2018 HH2),https://ssd.jpl.nasa.gov/tools/sbdb_lookup.html#/?sstr=3819573,23.12,False,"[{'close_approach_date': '2025-04-25', 'close_approach_date_full': '2025-Apr-25 10:31', 'epoch_date_close_approach': 1745577060000, 'relative_velocity': {'kilometers_per_second': '9.6708911552', 'kilometers_per_hour': '34815.2081585688', 'miles_per_hour': '21632.816424973'}, 'miss_distance': {'astronomical': '0.1666855509', 'lunar': '64.8406793001', 'kilometers': '24935803.374416583', 'miles': '15494389.7324635254'}, 'orbiting_body': 'Earth'}]",False,http://api.nasa.gov/neo/rest/v1/neo/3819573?api_key=tfH3CNL9UeronJAAlsHsIJkwl8euQb7DJIMPPaCv,0.0631764148,0.1412667581,63.1764148185,141.2667581089,0.0392559921,0.0877790668,207.2717087931,463.4736306739,,2025-04-25
3879166,3879166,(2019 TB7),https://ssd.jpl.nasa.gov/tools/sbdb_lookup.html#/?sstr=3879166,26.8,False,"[{'close_approach_date': '2025-04-25', 'close_approach_date_full': '2025-Apr-25 16:18', 'epoch_date_close_approach': 1745597880000, 'relative_velocity': {'kilometers_per_second': '8.3650716841', 'kilometers_per_hour': '30114.2580627492', 'miles_per_hour': '18711.8288501566'}, 'miss_distance': {'astronomical': '0.2334662456', 'lunar': '90.8183695384', 'kilometers': '34926053.058656872', 'miles': '21702043.0335419536'}, 'orbiting_body': 'Earth'}]",False,http://api.nasa.gov/neo/rest/v1/neo/3879166?api_key=tfH3CNL9UeronJAAlsHsIJkwl8euQb7DJIMPPaCv,0.0116025908,0.0259441818,11.6025908209,25.9441817907,0.0072095135,0.0161209622,38.066244069,85.1187093863,,2025-04-25
3989653,3989653,(2020 CJ1),https://ssd.jpl.nasa.gov/tools/sbdb_lookup.html#/?sstr=3989653,23.86,False,"[{'close_approach_date': '2025-04-25', 'close_approach_date_full': '2025-Apr-25 19:58', 'epoch_date_close_approach': 1745611080000, 'relative_velocity': {'kilometers_per_second': '1.3264705595', 'kilometers_per_hour': '4775.2940143317', 'miles_per_hour': '2967.1819946274'}, 'miss_distance': {'astronomical': '0.2503843766', 'lunar': '97.3995224974', 'kilometers': '37456969.420637842', 'miles': '23274681.5366605396'}, 'orbiting_body': 'Earth'}]",False,http://api.nasa.gov/neo/rest/v1/neo/3989653?api_key=tfH3CNL9UeronJAAlsHsIJkwl8euQb7DJIMPPaCv,0.04493192,0.1004708274,44.9319199631,100.470827397,0.027919392,0.0624296585,147.4144402917,329.6287093572,,2025-04-25
54016771,54016771,(2020 HY6),https://ssd.jpl.nasa.gov/tools/sbdb_lookup.html#/?sstr=54016771,26.9,False,"[{'close_approach_date': '2025-04-25', 'close_approach_date_full': '2025-Apr-25 13:37', 'epoch_date_close_approach': 1745588220000, 'relative_velocity': {'kilometers_per_second': '21.1509189768', 'kilometers_per_hour': '76143.308316637', 'miles_per_hour': '47312.4906593014'}, 'miss_distance': {'astronomical': '0.3655864035', 'lunar': '142.2131109615', 'kilometers': '54690947.264560545', 'miles': '33983378.799983721'}, 'orbiting_body': 'Earth'}]",False,http://api.nasa.gov/neo/rest/v1/neo/54016771?api_key=tfH3CNL9UeronJAAlsHsIJkwl8euQb7DJIMPPaCv,0.0110803882,0.0247765013,11.0803882126,24.7765012606,0.0068850319,0.0153953994,36.3529808636,81.2877363957,,2025-04-25
54216336,54216336,(2021 VL3),https://ssd.jpl.nasa.gov/tools/sbdb_lookup.html#/?sstr=54216336,28.48,False,"[{'close_approach_date': '2025-04-25', 'close_approach_date_full': '2025-Apr-25 08:41', 'epoch_date_close_approach': 1745570460000, 'relative_velocity': {'kilometers_per_second': '8.2799298551', 'kilometers_per_hour': '29807.7474783628', 'miles_per_hour': '18521.375092875'}, 'miss_distance': {'astronomical': '0.4938050529', 'lunar': '192.0901655781', 'kilometers': '73872184.109077323', 'miles': '45902046.6991921374'}, 'orbiting_body': 'Earth'}]",False,http://api.nasa.gov/neo/rest/v1/neo/54216336?api_key=tfH3CNL9UeronJAAlsHsIJkwl8euQb7DJIMPPaCv,0.0053524791,0.011968507,5.3524790561,11.9685070177,0.0033258753,0.0074368832,17.5606273865,39.2667565638,,2025-04-25
54352297,54352297,(2023 FF4),https://ssd.jpl.nasa.gov/tools/sbdb_lookup.html#/?sstr=54352297,28.26,False,"[{'close_approach_date': '2025-04-25', 'close_approach_date_full': '2025-Apr-25 21:46', 'epoch_date_close_approach': 1745617560000, 'relative_velocity': {'kilometers_per_second': '8.7834008925', 'kilometers_per_hour': '31620.2432130949', 'miles_per_hour': '19647.5894564922'}, 'miss_distance': {'astronomical': '0.1120070063', 'lunar': '43.5707254507', 'kilometers': '16756009.567556581', 'miles': '10411701.5482635778'}, 'orbiting_body': 'Earth'}]",False,http://api.nasa.gov/neo/rest/v1/neo/54352297?api_key=tfH3CNL9UeronJAAlsHsIJkwl8euQb7DJIMPPaCv,0.0059231806,0.0132446345,5.9231806268,13.2446345244,0.0036804927,0.0082298318,19.4330079275,43.4535267332,,2025-04-25
54429992,54429992,(2024 EW1),https://ssd.jpl.nasa.gov/tools/sbdb_lookup.html#/?sstr=54429992,26.77,False,"[{'close_approach_date': '2025-04-25', 'close_approach_date_full': '2025-Apr-25 22:32', 'epoch_date_close_approach': 1745620320000, 'relative_velocity': {'kilometers_per_second': '15.1537242222', 'kilometers_per_hour': '54553.4072000816', 'miles_per_hour': '33897.3657127396'}, 'miss_distance': {'astronomical': '0.4056349685', 'lunar': '157.7920027465', 'kilometers': '60682127.285117095', 'miles': '37706125.438702111'}, 'orbiting_body': 'Earth'}]",False,http://api.nasa.gov/neo/rest/v1/neo/54429992?api_key=tfH3CNL9UeronJAAlsHsIJkwl8euQb7DJIMPPaCv,0.0117639989,0.0263051013,11.7639989374,26.3051013113,0.0073098078,0.0163452271,38.5957982738,86.302828586,,2025-04-25
54524330,54524330,(2025 FL4),https://ssd.jpl.nasa.gov/tools/sbdb_lookup.html#/?sstr=54524330,23.5,False,"[{'close_approach_date': '2025-04-25', 'close_approach_date_full': '2025-Apr-25 12:30', 'epoch_date_close_approach': 1745584200000, 'relative_velocity': {'kilometers_per_second': '9.8798885697', 'kilometers_per_hour': '35567.5988510419', 'miles_per_hour': '22100.3227416376'}, 'miss_distance': {'astronomical': '0.1210328981', 'lunar': '47.0817973609', 'kilometers': '18106263.755687047', 'miles': '11250710.5954013686'}, 'orbiting_body': 'Earth'}]",False,http://api.nasa.gov/neo/rest/v1/neo/54524330?api_key=tfH3CNL9UeronJAAlsHsIJkwl8euQb7DJIMPPaCv,0.0530340723,0.1185877909,53.0340723319,118.5877908577,0.0329538346,0.0736870142,173.9963058693,389.0675677576,,2025-04-25
54525646,54525646,(2025 FR18),https://ssd.jpl.nasa.gov/tools/sbdb_lookup.html#/?sstr=54525646,22.49,False,"[{'close_approach_date': '2025-04-25', 'close_approach_date_full': '2025-Apr-25 11:26', 'epoch_date_close_approach': 1745580360000, 'relative_velocity': {'kilometers_per_second': '20.0407253305', 'kilometers_per_hour': '72146.6111897939', 'miles_per_hour': '44829.0984917916'}, 'miss_distance': {'astronomical': '0.0683063565', 'lunar': '26.5711726785', 'kilometers': '10218485.439860655', 'miles': '6349472.423380839'}, 'orbiting_body': 'Earth'}]",False,http://api.nasa.gov/neo/rest/v1/neo/54525646?api_key=tfH3CNL9UeronJAAlsHsIJkwl8euQb7DJIMPPaCv,0.0844413128,0.1888165155,84.4413127979,188.8165155254,0.052469383,0.1173251071,277.0384366798,619.4767767962,,2025-04-25
2434500,2434500,434500 (2005 SB71),https://ssd.jpl.nasa.gov/tools/sbdb_lookup.html#/?sstr=2434500,21.2,False,"[{'close_approach_date': '2025-04-26', 'close_approach_date_full': '2025-Apr-26 01:50', 'epoch_date_close_approach': 1745632200000, 'relative_velocity': {'kilometers_per_second': '20.753550208', 'kilometers_per_hour': '74712.7807487172', 'miles_per_hour': '46423.6164602238'}, 'miss_distance': {'astronomical': '0.4736856168', 'lunar': '184.2637049352', 'kilometers': '70862359.322916216', 'miles': '44031828.3002511408'}, 'orbiting_body': 'Earth'}]",False,http://api.nasa.gov/neo/rest/v1/neo/2434500?api_key=tfH3CNL9UeronJAAlsHsIJkwl8euQb7DJIMPPaCv,0.1529519353,0.3420109247,152.9519353442,342.0109247198,0.095039897,0.2125156703,501.8108275547,1122.0831222578,,2025-04-26
3644727,3644727,(2013 NJ4),https://ssd.jpl.nasa.gov/tools/sbdb_lookup.html#/?sstr=3644727,27.4,False,"[{'close_approach_date': '2025-04-26', 'close_approach_date_full': '2025-Apr-26 15:52', 'epoch_date_close_approach': 1745682720000, 'relative_velocity': {'kilometers_per_second': '5.7662189249', 'kilometers_per_hour': '20758.3881298031', 'miles_per_hour': '12898.4551132102'}, 'miss_distance': {'astronomical': '0.3036566581', 'lunar': '118.1224400009', 'kilometers': '45426389.263078247', 'miles': '28226649.4009519286'}, 'orbiting_body': 'Earth'}]",True,http://api.nasa.gov/neo/rest/v1/neo/3644727?api_key=tfH3CNL9UeronJAAlsHsIJkwl8euQb7DJIMPPaCv,0.0088014652,0.0196806745,8.801465209,19.6806745089,0.0054689752,0.0122290004,28.8761991163,64.5691441559,http://api.nasa.gov/neo/rest/v1/neo/sentry/3644727?api_key=tfH3CNL9UeronJAAlsHsIJkwl8euQb7DJIMPPaCv,2025-04-26
3667485,3667485,(2014 GL49),https://ssd.jpl.nasa.gov/tools/sbdb_lookup.html#/?sstr=3667485,20.76,False,"[{'close_approach_date': '2025-04-26', 'close_approach_date_full': '2025-Apr-26 04:47', 'epoch_date_close_approach': 1745642820000, 'relative_velocity': {'kilometers_per_second': '17.8451313274', 'kilometers_per_hour': '64242.4727786274', 'miles_per_hour': '39917.7742662532'}, 'miss_distance': {'astronomical': '0.0972439393', 'lunar': '37.8278923877', 'kilometers': '14547486.189689291', 'miles': '9039388.7562465758'}, 'orbiting_body': 'Earth'}]",False,http://api.nasa.gov/neo/rest/v1/neo/3667485?api_key=tfH3CNL9UeronJAAlsHsIJkwl8euQb7DJIMPPaCv,0.1873074177,0.4188321187,187.3074177315,418.8321187375,0.1163873975,0.2602501325,614.5256683901,1374.1211684388,,2025-04-26
3736681,3736681,(2015 XF352),https://ssd.jpl.nasa.gov/tools/sbdb_lookup.html#/?sstr=3736681,21.39,False,"[{'close_approach_date': '2025-04-26', 'close_approach_date_full': '2025-Apr-26 14:07', 'epoch_date_close_approach': 1745676420000, 'relative_velocity': {'kilometers_per_second': '15.3184135566', 'kilometers_per_hour': '55146.2888039342', 'miles_per_hour': '34265.7592848668'}, 'miss_distance': {'astronomical': '0.0697458963', 'lunar': '27.1311536607', 'kilometers': '10433837.527720881', 'miles': '6483286.0057589178'}, 'orbiting_body': 'Earth'}]",False,http://api.nasa.gov/neo/rest/v1/neo/3736681?api_key=tfH3CNL9UeronJAAlsHsIJkwl8euQb7DJIMPPaCv,0.1401376972,0.3133574171,140.1376971662,313.3574170739,0.087077501,0.1947112116,459.7693623707,1028.0755482326,,2025-04-26
3771019,3771019,(2017 ED3),https://ssd.jpl.nasa.gov/tools/sbdb_lookup.html#/?sstr=3771019,24.12,False,"[{'close_approach_date': '2025-04-26', 'close_approach_date_full': '2025-Apr-26 07:52', 'epoch_date_close_approach': 1745653920000, 'relative_velocity': {'kilometers_per_second': '16.6924912458', 'kilometers_per_hour': '60092.9684849621', 'miles_per_hour': '37339.433667781'}, 'miss_distance': {'astronomical': '0.3901454643', 'lunar': '151.7665856127', 'kilometers': '58364930.449441041', 'miles': '36266286.0912507258'}, 'orbiting_body': 'Earth'}]",False,http://api.nasa.gov/neo/rest/v1/neo/3771019?api_key=tfH3CNL9UeronJAAlsHsIJkwl8euQb7DJIMPPaCv,0.0398616229,0.0891332986,39.8616229277,89.1332985597,0.0247688565,0.0553848469,130.779606966,292.4320912466,,2025-04-26
3781002,3781002,(2017 QC17),https://ssd.jpl.nasa.gov/tools/sbdb_lookup.html#/?sstr=3781002,22.2,False,"[{'close_approach_date': '2025-04-26', 'close_approach_date_full': '2025-Apr-26 09:50', 'epoch_date_close_approach': 1745661000000, 'relative_velocity': {'kilometers_per_second': '14.1780382743', 'kilometers_per_hour': '51040.9377876164', 'miles_per_hour': '31714.8538158664'}, 'miss_distance': {'astronomical': '0.470703332', 'lunar': '183.103596148', 'kilometers': '70416215.86910284', 'miles': '43754607.612945592'}, 'orbiting_body': 'Earth'}]",False,http://api.nasa.gov/neo/rest/v1/neo/3781002?api_key=tfH3CNL9UeronJAAlsHsIJkwl8euQb7DJIMPPaCv,0.096506147,0.2157943048,96.5061469579,215.7943048444,0.059966121,0.134088323,316.6212271853,707.9865871058,,2025-04-26
3893275,3893275,(2019 WK),https://ssd.jpl.nasa.gov/tools/sbdb_lookup.html#/?sstr=3893275,23.1,False,"[{'close_approach_date': '2025-04-26', 'close_approach_date_full': '2025-Apr-26 04:14', 'epoch_date_close_approach': 1745640840000, 'relative_velocity': {'kilometers_per_second': '18.5123036462', 'kilometers_per_hour': '66644.2931263952', 'miles_per_hour': '41410.1720262315'}, 'miss_distance': {'astronomical': '0.4407143655', 'lunar': '171.4378881795', 'kilometers': '65929930.357201485', 'miles': '40966959.060831093'}, 'orbiting_body': 'Earth'}]",False,http://api.nasa.gov/neo/rest/v1/neo/3893275?api_key=tfH3CNL9UeronJAAlsHsIJkwl8euQb7DJIMPPaCv,0.063760979,0.1425738833,63.7609789875,142.5738833281,0.0396192233,0.0885912765,209.1895703015,467.7620993781,,2025-04-26
54143413,54143413,(2021 JX),https://ssd.jpl.nasa.gov/tools/sbdb_lookup.html#/?sstr=54143413,27.35,False,"[{'close_approach_date': '2025-04-26', 'close_approach_date_full': '2025-Apr-26 18:17', 'epoch_date_close_approach': 1745691420000, 'relative_velocity': {'kilometers_per_second': '13.5119795621', 'kilometers_per_hour': '48643.1264234909', 'miles_per_hour': '30224.9470824185'}, 'miss_distance': {'astronomical': '0.1908930304', 'lunar': '74.2573888256', 'kilometers': '28557190.745685248', 'miles': '17744615.5006145024'}, 'orbiting_body': 'Earth'}]",False,http://api.nasa.gov/neo/rest/v1/neo/54143413?api_key=tfH3CNL9UeronJAAlsHsIJkwl8euQb7DJIMPPaCv,0.0090064777,0.0201390963,9.0064776702,20.1390963084,0.005596364,0.0125138504,29.5488121994,66.0731527323,,2025-04-26
54232322,54232322,(2022 AC),https://ssd.jpl.nasa.gov/tools/sbdb_lookup.html#/?sstr=54232322,25.32,False,"[{'close_approach_date': '2025-04-26', 'close_approach_date_full': '2025-Apr-26 19:33', 'epoch_date_close_approach': 1745695980000, 'relative_velocity': {'kilometers_per_second': '11.8337990826', 'kilometers_per_hour': '42601.6766975321', 'miles_per_hour': '26471.0251679749'}, 'miss_distance': {'astronomical': '0.466076253', 'lunar': '181.303662417', 'kilometers': '69724014.70638111', 'miles': '43324493.755074918'}, 'orbiting_body': 'Earth'}]",False,http://api.nasa.gov/neo/rest/v1/neo/54232322?api_key=tfH3CNL9UeronJAAlsHsIJkwl8euQb7DJIMPPaCv,0.0229379698,0.0512908597,22.9379697996,51.2908597378,0.0142529892,0.0318706528,75.2558088375,168.2771042623,,2025-04-26
54336956,54336956,(2022 YV5),https://ssd.jpl.nasa.gov/tools/sbdb_lookup.html#/?sstr=54336956,25.27,False,"[{'close_approach_date': '2025-04-26', 'close_approach_date_full': '2025-Apr-26 01:46', 'epoch_date_close_approach': 1745631960000, 'relative_velocity': {'kilometers_per_second': '9.136198309', 'kilometers_per_hour': '32890.3139123983', 'miles_per_hour': '20436.761997401'}, 'miss_distance': {'astronomical': '0.3044421593', 'lunar': '118.4279999677', 'kilometers': '45543898.569480691', 'miles': '28299666.2981118958'}, 'orbiting_body': 'Earth'}]",False,http://api.nasa.gov/neo/rest/v1/neo/54336956?api_key=tfH3CNL9UeronJAAlsHsIJkwl8euQb7DJIMPPaCv,0.0234722638,0.0524855773,23.4722637531,52.4855773378,0.014584984,0.0326130157,77.0087418118,172.1967815529,,2025-04-26
54340322,54340322,(2023 BJ7),https://ssd.jpl.nasa.gov/tools/sbdb_lookup.html#/?sstr=54340322,28.76,False,"[{'close_approach_date': '2025-04-26', 'close_approach_date_full': '2025-Apr-26 22:07', 'epoch_date_close_approach': 1745705220000, 'relative_velocity': {'kilometers_per_second': '10.7144400799', 'kilometers_per_hour': '38571.9842875327', 'miles_per_hour': '23967.1310146617'}, 'miss_distance': {'astronomical': '0.3995086926', 'lunar': '155.4088814214', 'kilometers': '59765649.459444762', 'miles': '37136652.5246392356'}, 'orbiting_body': 'Earth'}]",False,http://api.nasa.gov/neo/rest/v1/neo/54340322?api_key=tfH3CNL9UeronJAAlsHsIJkwl8euQb7DJIMPPaCv,0.0047049496,0.0105205872,4.7049496112,10.5205871614,0.0029235192,0.0065371878,15.4361868824,34.5163631825,,2025-04-26
54373925,54373925,(2023 MT2),https://ssd.jpl.nasa.gov/tools/sbdb_lookup.html#/?sstr=54373925,23.48,False,"[{'close_approach_date': '2025-04-26', 'close_approach_date_full': '2025-Apr-26 13:32', 'epoch_date_close_approach': 1745674320000, 'relative_velocity': {'kilometers_per_second': '7.7133590317', 'kilometers_per_hour': '27768.0925142179', 'miles_per_hour': '17254.0128180706'}, 'miss_distance': {'astronomical': '0.2131186907', 'lunar': '82.9031706823', 'kilometers': '31882102.185908809', 'miles': '19810619.6676832042'}, 'orbiting_body': 'Earth'}]",False,http://api.nasa.gov/neo/rest/v1/neo/54373925?api_key=tfH3CNL9UeronJAAlsHsIJkwl8euQb7DJIMPPaCv,0.0535247906,0.1196850702,53.5247905613,119.6850701766,0.0332587526,0.0743688317,175.6062738653,392.6675656382,,2025-04-26
54495687,54495687,(2024 UW2),https://ssd.jpl.nasa.gov/tools/sbdb_lookup.html#/?sstr=54495687,24.93,False,"[{'close_approach_date': '2025-04-26', 'close_approach_date_full': '2025-Apr-26 05:07', 'epoch_date_close_approach': 1745644020000, 'relative_velocity': {'kilometers_per_second': '13.1596676282', 'kilometers_per_hour': '47374.8034616629', 'miles_per_hour': '29436.8605176094'}, 'miss_distance': {'astronomical': '0.1727462503', 'lunar': '67.1982913667', 'kilometers': '25842471.095366861', 'miles': '16057766.9301142418'}, 'orbiting_body': 'Earth'}]",False,http://api.nasa.gov/neo/rest/v1/neo/54495687?api_key=tfH3CNL9UeronJAAlsHsIJkwl8euQb7DJIMPPaCv,0.0274507982,0.0613818507,27.4507981651,61.3818507339,0.0170571299,0.038140902,90.0616766521,201.3840311617,,2025-04-26
54524986,54524986,(2025 FN12),https://ssd.jpl.nasa.gov/tools/sbdb_lookup.html#/?sstr=54524986,21.01,False,"[{'close_approach_date': '2025-04-26', 'close_approach_date_full': '2025-Apr-26 20:08', 'epoch_date_close_approach': 1745698080000, 'relative_velocity': {'kilometers_per_second': '22.9643347714', 'kilometers_per_hour': '82671.6051770958', 'miles_per_hour': '51368.9204501793'}, 'miss_distance': {'astronomical': '0.178053339', 'lunar': '69.262748871', 'kilometers': '26636400.26078793', 'miles': '16551091.637736234'}, 'orbiting_body': 'Earth'}]",False,http://api.nasa.gov/neo/rest/v1/neo/54524986?api_key=tfH3CNL9UeronJAAlsHsIJkwl8euQb7DJIMPPaCv,0.1669379118,0.3732845187,166.9379117726,373.2845187454,0.1037303772,0.2319481747,547.69657846,1224.6867804805,,2025-04-26
3516408,3516408,(2010 GK65),https://ssd.jpl.nasa.gov/tools/sbdb_lookup.html#/?sstr=3516408,24.5,False,"[{'close_approach_date': '2025-04-19', 'close_approach_date_full': '2025-Apr-19 04:21', 'epoch_date_close_approach': 1745036460000, 'relative_velocity': {'kilometers_per_second': '23.3567622051', 'kilometers_per_hour': '84084.3439383409', 'miles_per_hour': '52246.7413765763'}, 'miss_distance': {'astronomical': '0.347509936', 'lunar': '135.181365104', 'kilometers': '51986746.22943632', 'miles': '32303066.193888416'}, 'orbiting_body': 'Earth'}]",False,http://api.nasa.gov/neo/rest/v1/neo/3516408?api_key=tfH3CNL9UeronJAAlsHsIJkwl8euQb7DJIMPPaCv,0.0334622374,0.0748238376,33.4622374455,74.8238376074,0.0207924639,0.0464933628,109.7842471007,245.4850393757,,2025-04-19
3717054,3717054,(2015 HW10),https://ssd.jpl.nasa.gov/tools/sbdb_lookup.html#/?sstr=3717054,25.7,False,"[{'close_approach_date': '2025-04-19', 'close_approach_date_full': '2025-Apr-19 23:51', 'epoch_date_close_approach': 1745106660000, 'relative_velocity': {'kilometers_per_second': '15.6048581463', 'kilometers_per_hour': '56177.489326631', 'miles_per_hour': '34906.507187428'}, 'miss_distance': {'astronomical': '0.3603912988', 'lunar': '140.1922152332', 'kilometers': '53913770.667013556', 'miles': '33500463.6553408328'}, 'orbiting_body': 'Earth'}]",False,http://api.nasa.gov/neo/rest/v1/neo/3717054?api_key=tfH3CNL9UeronJAAlsHsIJkwl8euQb7DJIMPPaCv,0.0192555078,0.0430566244,19.2555078188,43.0566244241,0.0119648141,0.0267541378,63.1742402722,141.2618956756,,2025-04-19
54219290,54219290,(2021 VW10),https://ssd.jpl.nasa.gov/tools/sbdb_lookup.html#/?sstr=54219290,23.39,False,"[{'close_approach_date': '2025-04-19', 'close_approach_date_full': '2025-Apr-19 14:00', 'epoch_date_close_approach': 1745071200000, 'relative_velocity': {'kilometers_per_second': '13.5691540005', 'kilometers_per_hour': '48848.954401926', 'miles_per_hour': '30352.8405837967'}, 'miss_distance': {'astronomical': '0.2817273933', 'lunar': '109.5919559937', 'kilometers': '42145817.958332271', 'miles': '26188196.9164804998'}, 'orbiting_body': 'Earth'}]",False,http://api.nasa.gov/neo/rest/v1/neo/54219290?api_key=tfH3CNL9UeronJAAlsHsIJkwl8euQb7DJIMPPaCv,0.0557898221,0.1247498347,55.7898221067,124.7498346832,0.0346661776,0.0775159295,183.0374799606,409.2842476221,,2025-04-19
54305658,54305658,(2022 SR4),https://ssd.jpl.nasa.gov/tools/sbdb_lookup.html#/?sstr=54305658,25.69,False,"[{'close_approach_date': '2025-04-19', 'close_approach_date_full': '2025-Apr-19 02:28', 'epoch_date_close_approach': 1745029680000, 'relative_velocity': {'kilometers_per_second': '17.9053500241', 'kilometers_per_hour': '64459.2600867726', 'miles_per_hour': '40052.4774689171'}, 'miss_distance': {'astronomical': '0.2753013371', 'lunar': '107.0922201319', 'kilometers': '41184493.638311977', 'miles': '25590857.6830082026'}, 'orbiting_body': 'Earth'}]",False,http://api.nasa.gov/neo/rest/v1/neo/54305658?api_key=tfH3CNL9UeronJAAlsHsIJkwl8euQb7DJIMPPaCv,0.0193443872,0.0432553648,19.3443872046,43.2553647725,0.0120200412,0.0268776293,63.4658393163,141.9139309603,,2025-04-19
54354402,54354402,(2023 GH2),https://ssd.jpl.nasa.gov/tools/sbdb_lookup.html#/?sstr=54354402,23.7,False,"[{'close_approach_date': '2025-04-19', 'close_approach_date_full': '2025-Apr-19 00:34', 'epoch_date_close_approach': 1745022840000, 'relative_velocity': {'kilometers_per_second': '14.2333480094', 'kilometers_per_hour': '51240.0528339214', 'miles_per_hour': '31838.5761622774'}, 'miss_distance': {'astronomical': '0.2095422135', 'lunar': '81.5119210515', 'kilometers': '31347068.814685245', 'miles': '19478165.346916581'}, 'orbiting_body': 'Earth'}]",False,http://api.nasa.gov/neo/rest/v1/neo/54354402?api_key=tfH3CNL9UeronJAAlsHsIJkwl8euQb7DJIMPPaCv,0.0483676488,0.1081533507,48.3676488219,108.1533506775,0.0300542543,0.0672033557,158.6865169607,354.8338390368,,2025-04-19
54393421,54393421,(2023 TK12),https://ssd.jpl.nasa.gov/tools/sbdb_lookup.html#/?sstr=54393421,25.77,False,"[{'close_approach_date': '2025-04-19', 'close_approach_date_full': '2025-Apr-19 22:10', 'epoch_date_close_approach': 1745100600000, 'relative_velocity': {'kilometers_per_second': '20.7989772533', 'kilometers_per_hour': '74876.3181118793', 'miles_per_hour': '46525.2322179063'}, 'miss_distance': {'astronomical': '0.3958185447', 'lunar': '153.9734138883', 'kilometers': '59213611.193619789', 'miles': '36793631.8523355282'}, 'orbiting_body': 'Earth'}]",False,http://api.nasa.gov/neo/rest/v1/neo/54393421?api_key=tfH3CNL9UeronJAAlsHsIJkwl8euQb7DJIMPPaCv,0.0186446818,0.041690776,18.644681832,41.6907759952,0.0115852646,0.0259054392,61.1702179417,136.7807655161,,2025-04-19
54434765,54434765,(2024 HB),https://ssd.jpl.nasa.gov/tools/sbdb_lookup.html#/?sstr=54434765,27.99,False,"[{'close_approach_date': '2025-04-19', 'close_approach_date_full': '2025-Apr-19 00:25', 'epoch_date_close_approach': 1745022300000, 'relative_velocity': {'kilometers_per_second': '14.8596341855', 'kilometers_per_hour': '53494.6830679375', 'miles_per_hour': '33239.5157096304'}, 'miss_distance': {'astronomical': '0.1139662207', 'lunar': '44.3328598523', 'kilometers': '17049103.868669909', 'miles': '10593821.9019423842'}, 'orbiting_body': 'Earth'}]",False,http://api.nasa.gov/neo/rest/v1/neo/54434765?api_key=tfH3CNL9UeronJAAlsHsIJkwl8euQb7DJIMPPaCv,0.0067074119,0.0149982289,6.7074118933,14.9982289464,0.0041677912,0.0093194645,22.0059452359,49.2067894565,,2025-04-19
54494719,54494719,(2024 UJ1),https://ssd.jpl.nasa.gov/tools/sbdb_lookup.html#/?sstr=54494719,26.75,False,"[{'close_approach_date': '2025-04-19', 'close_approach_date_full': '2025-Apr-19 07:47', 'epoch_date_close_approach': 1745048820000, 'relative_velocity': {'kilometers_per_second': '12.083759884', 'kilometers_per_hour': '43501.5355825552', 'miles_per_hour': '27030.162484616'}, 'miss_distance': {'astronomical': '0.2628442459', 'lunar': '102.2464116551', 'kilometers': '39320939.328396233', 'miles': '24432898.7300966954'}, 'orbiting_body': 'Earth'}]",False,http://api.nasa.gov/neo/rest/v1/neo/54494719?api_key=tfH3CNL9UeronJAAlsHsIJkwl8euQb7DJIMPPaCv,0.0118728499,0.0265484994,11.8728498794,26.5484994169,0.0073774446,0.0164964676,38.9529207982,87.101378827,,2025-04-19
54525459,54525459,(2025 FA16),https://ssd.jpl.nasa.gov/tools/sbdb_lookup.html#/?sstr=54525459,23.63,False,"[{'close_approach_date': '2025-04-19', 'close_approach_date_full': '2025-Apr-19 11:13', 'epoch_date_close_approach': 1745061180000, 'relative_velocity': {'kilometers_per_second': '6.3419268748', 'kilometers_per_hour': '22830.9367491082', 'miles_per_hour': '14186.2562261334'}, 'miss_distance': {'astronomical': '0.1581157045', 'lunar': '61.5070090505', 'kilometers': '23653772.606749415', 'miles': '14697772.753055327'}, 'orbiting_body': 'Earth'}]",False,http://api.nasa.gov/neo/rest/v1/neo/54525459?api_key=tfH3CNL9UeronJAAlsHsIJkwl8euQb7DJIMPPaCv,0.049952241,0.1116966065,49.9522409906,111.6966064835,0.0310388739,0.0694050321,163.8853103317,366.4586944153,,2025-04-19
54526042,54526042,(2025 FY22),https://ssd.jpl.nasa.gov/tools/sbdb_lookup.html#/?sstr=54526042,25.18,False,"[{'close_approach_date': '2025-04-19', 'close_approach_date_full': '2025-Apr-19 12:42', 'epoch_date_close_approach': 1745066520000, 'relative_velocity': {'kilometers_per_second': '9.1867909624', 'kilometers_per_hour': '33072.4474646364', 'miles_per_hour': '20549.9327037903'}, 'miss_distance': {'astronomical': '0.0241837966', 'lunar': '9.4074968774', 'kilometers': '3617844.459873242', 'miles': '2248024.3050930596'}, 'orbiting_body': 'Earth'}]",False,http://api.nasa.gov/neo/rest/v1/neo/54526042?api_key=tfH3CNL9UeronJAAlsHsIJkwl8euQb7DJIMPPaCv,0.0244655496,0.0547066321,24.4655496172,54.706632051,0.015202183,0.0339931147,80.2675538061,179.483706698,,2025-04-19
